date;unit;consumption;time
26.3.2019;fridge;154,7W;00:00
26.3.2019;fridge;154,7W;00:05
26.3.2019;fridge;154,7W;00:10
26.3.2019;fridge;42,7W;00:15
26.3.2019;fridge;45,4W;00:20
26.3.2019;fridge;45,4W;00:25
26.3.2019;fridge;42,5W;00:30
26.3.2019;fridge;42,5W;00:35
26.3.2019;fridge;42,5W;00:40
26.3.2019;fridge;42,5W;00:45
26.3.2019;fridge;40,2W;00:50
26.3.2019;fridge;40,2W;00:55
26.3.2019;fridge;40,2W;01:00
26.3.2019;fridge;35,8W;01:05
26.3.2019;fridge;36,0W;01:10
26.3.2019;fridge;36,1W;01:15
26.3.2019;fridge;36,1W;01:20
26.3.2019;fridge;35,6W;01:25
26.3.2019;fridge;37,2W;01:30
26.3.2019;fridge;37,2W;01:35
26.3.2019;fridge;37,2W;01:40
26.3.2019;fridge;37,2W;01:45
26.3.2019;fridge;35,7W;01:50
26.3.2019;fridge;35,6W;01:55
26.3.2019;fridge;35,0W;02:00
26.3.2019;fridge;34,5W;02:05
26.3.2019;fridge;34,0W;02:10
26.3.2019;fridge;34,8W;02:15
26.3.2019;fridge;33,2W;02:20
26.3.2019;fridge;35,7W;02:25
26.3.2019;fridge;36,3W;02:30
26.3.2019;fridge;36,3W;02:35
26.3.2019;fridge;36,0W;02:40
26.3.2019;fridge;34,2W;02:45
26.3.2019;fridge;34,2W;02:50
26.3.2019;fridge;33,9W;02:55
26.3.2019;fridge;33,2W;03:00
26.3.2019;fridge;33,9W;03:05
26.3.2019;fridge;33,8W;03:10
26.3.2019;fridge;2,3W;03:15
26.3.2019;fridge;2,3W;03:20
26.3.2019;fridge;31,8W;03:25
26.3.2019;fridge;35,4W;03:30
26.3.2019;fridge;36,5W;03:35
26.3.2019;fridge;36,7W;03:40
26.3.2019;fridge;36,7W;03:45
26.3.2019;fridge;35,6W;03:50
26.3.2019;fridge;35,6W;03:55
26.3.2019;fridge;34,2W;04:00
26.3.2019;fridge;33,8W;04:05
26.3.2019;fridge;33,7W;04:10
26.3.2019;fridge;33,3W;04:15
26.3.2019;fridge;33,8W;04:20
26.3.2019;fridge;33,8W;04:25
26.3.2019;fridge;2,2W;04:30
26.3.2019;fridge;2,2W;04:35
26.3.2019;fridge;2,2W;04:40
26.3.2019;fridge;36,0W;04:45
26.3.2019;fridge;36,6W;04:50
26.3.2019;fridge;37,4W;04:55
26.3.2019;fridge;37,4W;05:00
26.3.2019;fridge;34,8W;05:05
26.3.2019;fridge;34,8W;05:10
26.3.2019;fridge;33,7W;05:15
26.3.2019;fridge;34,4W;05:20
26.3.2019;fridge;34,4W;05:25
26.3.2019;fridge;33,7W;05:30
26.3.2019;fridge;34,3W;05:35
26.3.2019;fridge;3,9W;05:40
26.3.2019;fridge;2,1W;05:45
26.3.2019;fridge;1,6W;05:50
26.3.2019;fridge;31,0W;05:55
26.3.2019;fridge;36,1W;06:00
26.3.2019;fridge;36,2W;06:05
26.3.2019;fridge;36,7W;06:10
26.3.2019;fridge;35,9W;06:15
26.3.2019;fridge;35,0W;06:20
26.3.2019;fridge;34,7W;06:25
26.3.2019;fridge;34,1W;06:30
26.3.2019;fridge;34,0W;06:35
26.3.2019;fridge;34,0W;06:40
26.3.2019;fridge;34,5W;06:45
26.3.2019;fridge;33,2W;06:50
26.3.2019;fridge;2,3W;06:55
26.3.2019;fridge;2,3W;07:00
26.3.2019;fridge;27,7W;07:05
26.3.2019;fridge;35,5W;07:10
26.3.2019;fridge;35,5W;07:15
26.3.2019;fridge;36,9W;07:20
26.3.2019;fridge;36,9W;07:25
26.3.2019;fridge;35,4W;07:30
26.3.2019;fridge;34,9W;07:35
26.3.2019;fridge;34,6W;07:40
26.3.2019;fridge;34,6W;07:45
26.3.2019;fridge;34,2W;07:50
26.3.2019;fridge;33,9W;07:55
26.3.2019;fridge;32,9W;08:00
26.3.2019;fridge;2,2W;08:05
26.3.2019;fridge;2,2W;08:10
26.3.2019;fridge;27,7W;08:15
26.3.2019;fridge;36,5W;08:20
26.3.2019;fridge;35,9W;08:25
26.3.2019;fridge;35,7W;08:30
26.3.2019;fridge;35,7W;08:35
26.3.2019;fridge;35,7W;08:40
26.3.2019;fridge;34,1W;08:45
26.3.2019;fridge;33,4W;08:50
26.3.2019;fridge;33,4W;08:55
26.3.2019;fridge;33,9W;09:00
26.3.2019;fridge;33,9W;09:05
26.3.2019;fridge;2,1W;09:10
26.3.2019;fridge;2,4W;09:15
26.3.2019;fridge;24,9W;09:20
26.3.2019;fridge;36,4W;09:25
26.3.2019;fridge;38,0W;09:30
26.3.2019;fridge;54,1W;09:35
26.3.2019;fridge;54,1W;09:40
26.3.2019;fridge;64,1W;09:45
26.3.2019;fridge;64,1W;09:50
26.3.2019;fridge;2,5W;09:55
26.3.2019;fridge;2,8W;10:00
26.3.2019;fridge;2,8W;10:05
26.3.2019;fridge;156,5W;10:10
26.3.2019;fridge;156,5W;10:15
26.3.2019;fridge;156,5W;10:20
26.3.2019;fridge;156,5W;10:25
26.3.2019;fridge;156,5W;10:30
26.3.2019;fridge;156,5W;10:35
26.3.2019;fridge;52,5W;10:40
26.3.2019;fridge;44,3W;10:45
26.3.2019;fridge;42,5W;10:50
26.3.2019;fridge;42,5W;10:55
26.3.2019;fridge;40,7W;11:00
26.3.2019;fridge;40,7W;11:05
26.3.2019;fridge;40,7W;11:10
26.3.2019;fridge;40,0W;11:15
26.3.2019;fridge;37,5W;11:20
26.3.2019;fridge;36,4W;11:25
26.3.2019;fridge;36,2W;11:30
26.3.2019;fridge;36,4W;11:35
26.3.2019;fridge;35,8W;11:40
26.3.2019;fridge;35,8W;11:45
26.3.2019;fridge;35,5W;11:50
26.3.2019;fridge;37,7W;11:55
26.3.2019;fridge;38,1W;12:00
26.3.2019;fridge;37,4W;12:05
26.3.2019;fridge;53,6W;12:10
26.3.2019;fridge;53,6W;12:15
26.3.2019;fridge;53,6W;12:20
26.3.2019;fridge;53,6W;12:25
26.3.2019;fridge;53,6W;12:30
26.3.2019;fridge;2,8W;12:35
26.3.2019;fridge;2,8W;12:40
26.3.2019;fridge;2,7W;12:45
26.3.2019;fridge;2,7W;12:50
26.3.2019;fridge;68,1W;12:55
26.3.2019;fridge;68,1W;13:00
26.3.2019;fridge;68,1W;13:05
26.3.2019;fridge;68,1W;13:10
26.3.2019;fridge;68,1W;13:15
26.3.2019;fridge;68,1W;13:20
26.3.2019;fridge;68,1W;13:25
26.3.2019;fridge;68,1W;13:30
26.3.2019;fridge;2,9W;13:35
26.3.2019;fridge;2,9W;13:40
26.3.2019;fridge;2,7W;13:45
26.3.2019;fridge;32,4W;13:50
26.3.2019;fridge;37,2W;13:55
26.3.2019;fridge;38,9W;14:00
26.3.2019;fridge;38,9W;14:05
26.3.2019;fridge;38,9W;14:10
26.3.2019;fridge;36,6W;14:15
26.3.2019;fridge;36,1W;14:20
26.3.2019;fridge;35,6W;14:25
26.3.2019;fridge;35,6W;14:30
26.3.2019;fridge;34,5W;14:35
26.3.2019;fridge;35,1W;14:40
26.3.2019;fridge;37,5W;14:45
26.3.2019;fridge;36,7W;14:50
26.3.2019;fridge;36,7W;14:55
26.3.2019;fridge;35,3W;15:00
26.3.2019;fridge;35,8W;15:05
26.3.2019;fridge;35,2W;15:10
26.3.2019;fridge;35,1W;15:15
26.3.2019;fridge;34,2W;15:20
26.3.2019;fridge;34,8W;15:25
26.3.2019;fridge;4,0W;15:30
26.3.2019;fridge;3,2W;15:35
26.3.2019;fridge;1,5W;15:40
26.3.2019;fridge;37,5W;15:45
26.3.2019;fridge;36,8W;15:50
26.3.2019;fridge;37,8W;15:55
26.3.2019;fridge;37,8W;16:00
26.3.2019;fridge;37,4W;16:05
26.3.2019;fridge;36,5W;16:10
26.3.2019;fridge;36,0W;16:15
26.3.2019;fridge;36,4W;16:20
26.3.2019;fridge;34,8W;16:25
26.3.2019;fridge;34,8W;16:30
26.3.2019;fridge;34,8W;16:35
26.3.2019;fridge;33,9W;16:40
26.3.2019;fridge;36,9W;16:45
26.3.2019;fridge;35,6W;16:50
26.3.2019;fridge;35,6W;16:55
26.3.2019;fridge;34,2W;17:00
26.3.2019;fridge;34,2W;17:05
26.3.2019;fridge;35,2W;17:10
26.3.2019;fridge;35,2W;17:15
26.3.2019;fridge;34,7W;17:20
26.3.2019;fridge;4,0W;17:25
26.3.2019;fridge;1,6W;17:30
26.3.2019;fridge;2,6W;17:35
26.3.2019;fridge;36,4W;17:40
26.3.2019;fridge;36,7W;17:45
26.3.2019;fridge;37,2W;17:50
26.3.2019;fridge;37,2W;17:55
26.3.2019;fridge;36,2W;18:00
26.3.2019;fridge;36,2W;18:05
26.3.2019;fridge;34,6W;18:10
26.3.2019;fridge;33,9W;18:15
26.3.2019;fridge;34,3W;18:20
26.3.2019;fridge;34,3W;18:25
26.3.2019;fridge;33,7W;18:30
26.3.2019;fridge;4,1W;18:35
26.3.2019;fridge;2,0W;18:40
26.3.2019;fridge;2,0W;18:45
26.3.2019;fridge;35,0W;18:50
26.3.2019;fridge;35,0W;18:55
26.3.2019;fridge;35,0W;19:00
26.3.2019;fridge;35,3W;19:05
26.3.2019;fridge;35,3W;19:10
26.3.2019;fridge;35,3W;19:15
26.3.2019;fridge;34,9W;19:20
26.3.2019;fridge;34,1W;19:25
26.3.2019;fridge;33,6W;19:30
26.3.2019;fridge;34,5W;19:35
26.3.2019;fridge;33,8W;19:40
26.3.2019;fridge;3,7W;19:45
26.3.2019;fridge;1,6W;19:50
26.3.2019;fridge;1,6W;19:55
26.3.2019;fridge;31,6W;20:00
26.3.2019;fridge;36,1W;20:05
26.3.2019;fridge;36,3W;20:10
26.3.2019;fridge;37,2W;20:15
26.3.2019;fridge;37,2W;20:20
26.3.2019;fridge;34,9W;20:25
26.3.2019;fridge;34,4W;20:30
26.3.2019;fridge;189,7W;20:35
26.3.2019;fridge;158,5W;20:40
26.3.2019;fridge;158,5W;20:45
26.3.2019;fridge;157,5W;20:50
26.3.2019;fridge;157,5W;20:55
26.3.2019;fridge;38,6W;21:00
26.3.2019;fridge;45,0W;21:05
26.3.2019;fridge;45,0W;21:10
26.3.2019;fridge;41,7W;21:15
26.3.2019;fridge;41,1W;21:20
26.3.2019;fridge;40,0W;21:25
26.3.2019;fridge;40,0W;21:30
26.3.2019;fridge;38,4W;21:35
26.3.2019;fridge;36,9W;21:40
26.3.2019;fridge;36,7W;21:45
26.3.2019;fridge;35,7W;21:50
26.3.2019;fridge;35,6W;21:55
26.3.2019;fridge;35,7W;22:00
26.3.2019;fridge;35,5W;22:05
26.3.2019;fridge;35,6W;22:10
26.3.2019;fridge;35,0W;22:15
26.3.2019;fridge;34,8W;22:20
26.3.2019;fridge;35,8W;22:25
26.3.2019;fridge;36,6W;22:30
26.3.2019;fridge;36,6W;22:35
26.3.2019;fridge;36,6W;22:40
26.3.2019;fridge;35,0W;22:45
26.3.2019;fridge;35,0W;22:50
26.3.2019;fridge;34,1W;22:55
26.3.2019;fridge;33,9W;23:00
26.3.2019;fridge;33,5W;23:05
26.3.2019;fridge;2,7W;23:10
26.3.2019;fridge;1,4W;23:15
26.3.2019;fridge;1,4W;23:20
26.3.2019;fridge;1,4W;23:25
26.3.2019;fridge;34,6W;23:30
26.3.2019;fridge;34,6W;23:35
26.3.2019;fridge;37,3W;23:40
26.3.2019;fridge;37,3W;23:45
26.3.2019;fridge;36,1W;23:50
26.3.2019;fridge;36,1W;23:55
27.3.2019;fridge;34,3W;00:00
27.3.2019;fridge;34,3W;00:05
27.3.2019;fridge;34,7W;00:10
27.3.2019;fridge;33,7W;00:15
27.3.2019;fridge;33,6W;00:20
27.3.2019;fridge;33,5W;00:25
27.3.2019;fridge;2,5W;00:30
27.3.2019;fridge;2,5W;00:35
27.3.2019;fridge;2,5W;00:40
27.3.2019;fridge;2,5W;00:45
27.3.2019;fridge;34,4W;00:50
27.3.2019;fridge;34,4W;00:55
27.3.2019;fridge;34,4W;01:00
27.3.2019;fridge;36,0W;01:05
27.3.2019;fridge;35,2W;01:10
27.3.2019;fridge;35,2W;01:15
27.3.2019;fridge;34,2W;01:20
27.3.2019;fridge;34,2W;01:25
27.3.2019;fridge;34,2W;01:30
27.3.2019;fridge;34,5W;01:35
27.3.2019;fridge;33,8W;01:40
27.3.2019;fridge;1,7W;01:45
27.3.2019;fridge;1,4W;01:50
27.3.2019;fridge;1,4W;01:55
27.3.2019;fridge;1,4W;02:00
27.3.2019;fridge;34,0W;02:05
27.3.2019;fridge;34,9W;02:10
27.3.2019;fridge;36,6W;02:15
27.3.2019;fridge;36,6W;02:20
27.3.2019;fridge;35,4W;02:25
27.3.2019;fridge;35,3W;02:30
27.3.2019;fridge;34,6W;02:35
27.3.2019;fridge;34,3W;02:40
27.3.2019;fridge;34,9W;02:45
27.3.2019;fridge;34,9W;02:50
27.3.2019;fridge;33,4W;02:55
27.3.2019;fridge;2,6W;03:00
27.3.2019;fridge;2,6W;03:05
27.3.2019;fridge;2,6W;03:10
27.3.2019;fridge;26,9W;03:15
27.3.2019;fridge;35,1W;03:20
27.3.2019;fridge;35,1W;03:25
27.3.2019;fridge;36,5W;03:30
27.3.2019;fridge;36,5W;03:35
27.3.2019;fridge;35,4W;03:40
27.3.2019;fridge;34,6W;03:45
27.3.2019;fridge;34,0W;03:50
27.3.2019;fridge;34,3W;03:55
27.3.2019;fridge;34,3W;04:00
27.3.2019;fridge;33,5W;04:05
27.3.2019;fridge;2,8W;04:10
27.3.2019;fridge;1,8W;04:15
27.3.2019;fridge;1,8W;04:20
27.3.2019;fridge;1,8W;04:25
27.3.2019;fridge;30,5W;04:30
27.3.2019;fridge;36,1W;04:35
27.3.2019;fridge;37,1W;04:40
27.3.2019;fridge;37,3W;04:45
27.3.2019;fridge;35,7W;04:50
27.3.2019;fridge;35,1W;04:55
27.3.2019;fridge;34,7W;05:00
27.3.2019;fridge;34,6W;05:05
27.3.2019;fridge;34,6W;05:10
27.3.2019;fridge;33,7W;05:15
27.3.2019;fridge;33,7W;05:20
27.3.2019;fridge;2,5W;05:25
27.3.2019;fridge;2,5W;05:30
27.3.2019;fridge;2,5W;05:35
27.3.2019;fridge;2,5W;05:40
27.3.2019;fridge;34,6W;05:45
27.3.2019;fridge;36,1W;05:50
27.3.2019;fridge;35,7W;05:55
27.3.2019;fridge;36,9W;06:00
27.3.2019;fridge;35,4W;06:05
27.3.2019;fridge;35,1W;06:10
27.3.2019;fridge;34,8W;06:15
27.3.2019;fridge;34,0W;06:20
27.3.2019;fridge;33,4W;06:25
27.3.2019;fridge;33,3W;06:30
27.3.2019;fridge;33,0W;06:35
27.3.2019;fridge;2,5W;06:40
27.3.2019;fridge;2,5W;06:45
27.3.2019;fridge;1,6W;06:50
27.3.2019;fridge;29,1W;06:55
27.3.2019;fridge;35,4W;07:00
27.3.2019;fridge;35,4W;07:05
27.3.2019;fridge;35,4W;07:10
27.3.2019;fridge;36,4W;07:15
27.3.2019;fridge;34,9W;07:20
27.3.2019;fridge;34,8W;07:25
27.3.2019;fridge;34,5W;07:30
27.3.2019;fridge;34,3W;07:35
27.3.2019;fridge;33,7W;07:40
27.3.2019;fridge;33,7W;07:45
27.3.2019;fridge;1,5W;07:50
27.3.2019;fridge;1,5W;07:55
27.3.2019;fridge;1,5W;08:00
27.3.2019;fridge;1,5W;08:05
27.3.2019;fridge;30,6W;08:10
27.3.2019;fridge;35,2W;08:15
27.3.2019;fridge;37,7W;08:20
27.3.2019;fridge;37,7W;08:25
27.3.2019;fridge;37,7W;08:30
27.3.2019;fridge;34,8W;08:35
27.3.2019;fridge;34,7W;08:40
27.3.2019;fridge;34,4W;08:45
27.3.2019;fridge;33,8W;08:50
27.3.2019;fridge;33,4W;08:55
27.3.2019;fridge;32,6W;09:00
27.3.2019;fridge;2,7W;09:05
27.3.2019;fridge;2,7W;09:10
27.3.2019;fridge;2,7W;09:15
27.3.2019;fridge;2,7W;09:20
27.3.2019;fridge;34,1W;09:25
27.3.2019;fridge;36,5W;09:30
27.3.2019;fridge;36,5W;09:35
27.3.2019;fridge;36,4W;09:40
27.3.2019;fridge;35,1W;09:45
27.3.2019;fridge;34,9W;09:50
27.3.2019;fridge;34,7W;09:55
27.3.2019;fridge;34,7W;10:00
27.3.2019;fridge;34,1W;10:05
27.3.2019;fridge;34,1W;10:10
27.3.2019;fridge;2,7W;10:15
27.3.2019;fridge;1,4W;10:20
27.3.2019;fridge;1,4W;10:25
27.3.2019;fridge;1,4W;10:30
27.3.2019;fridge;36,7W;10:35
27.3.2019;fridge;36,8W;10:40
27.3.2019;fridge;75,6W;10:45
27.3.2019;fridge;75,6W;10:50
27.3.2019;fridge;157,1W;10:55
27.3.2019;fridge;152,9W;11:00
27.3.2019;fridge;152,9W;11:05
27.3.2019;fridge;152,9W;11:10
27.3.2019;fridge;152,9W;11:15
27.3.2019;fridge;38,8W;11:20
27.3.2019;fridge;46,9W;11:25
27.3.2019;fridge;46,9W;11:30
27.3.2019;fridge;46,9W;11:35
27.3.2019;fridge;46,9W;11:40
27.3.2019;fridge;46,9W;11:45
27.3.2019;fridge;43,0W;11:50
27.3.2019;fridge;42,3W;11:55
27.3.2019;fridge;42,3W;12:00
27.3.2019;fridge;42,3W;12:05
27.3.2019;fridge;42,3W;12:10
27.3.2019;fridge;42,3W;12:15
27.3.2019;fridge;37,8W;12:20
27.3.2019;fridge;37,0W;12:25
27.3.2019;fridge;37,0W;12:30
27.3.2019;fridge;38,2W;12:35
27.3.2019;fridge;39,4W;12:40
27.3.2019;fridge;39,5W;12:45
27.3.2019;fridge;38,6W;12:50
27.3.2019;fridge;37,4W;12:55
27.3.2019;fridge;37,3W;13:00
27.3.2019;fridge;36,5W;13:05
27.3.2019;fridge;36,5W;13:10
27.3.2019;fridge;36,6W;13:15
27.3.2019;fridge;35,4W;13:20
27.3.2019;fridge;35,4W;13:25
27.3.2019;fridge;37,3W;13:30
27.3.2019;fridge;37,5W;13:35
27.3.2019;fridge;38,4W;13:40
27.3.2019;fridge;38,4W;13:45
27.3.2019;fridge;36,7W;13:50
27.3.2019;fridge;35,7W;13:55
27.3.2019;fridge;35,7W;14:00
27.3.2019;fridge;35,0W;14:05
27.3.2019;fridge;35,1W;14:10
27.3.2019;fridge;34,8W;14:15
27.3.2019;fridge;49,5W;14:20
27.3.2019;fridge;49,5W;14:25
27.3.2019;fridge;2,5W;14:30
27.3.2019;fridge;2,5W;14:35
27.3.2019;fridge;2,5W;14:40
27.3.2019;fridge;2,5W;14:45
27.3.2019;fridge;40,7W;14:50
27.3.2019;fridge;37,3W;14:55
27.3.2019;fridge;38,5W;15:00
27.3.2019;fridge;59,0W;15:05
27.3.2019;fridge;59,0W;15:10
27.3.2019;fridge;59,0W;15:15
27.3.2019;fridge;59,0W;15:20
27.3.2019;fridge;59,0W;15:25
27.3.2019;fridge;59,0W;15:30
27.3.2019;fridge;59,0W;15:35
27.3.2019;fridge;3,9W;15:40
27.3.2019;fridge;3,9W;15:45
27.3.2019;fridge;2,7W;15:50
27.3.2019;fridge;70,3W;15:55
27.3.2019;fridge;70,3W;16:00
27.3.2019;fridge;70,3W;16:05
27.3.2019;fridge;70,3W;16:10
27.3.2019;fridge;70,3W;16:15
27.3.2019;fridge;70,3W;16:20
27.3.2019;fridge;70,3W;16:25
27.3.2019;fridge;70,3W;16:30
27.3.2019;fridge;2,7W;16:35
27.3.2019;fridge;2,7W;16:40
27.3.2019;fridge;68,9W;16:45
27.3.2019;fridge;68,9W;16:50
27.3.2019;fridge;68,9W;16:55
27.3.2019;fridge;68,9W;17:00
27.3.2019;fridge;68,9W;17:05
27.3.2019;fridge;68,9W;17:10
27.3.2019;fridge;68,9W;17:15
27.3.2019;fridge;68,9W;17:20
27.3.2019;fridge;3,9W;17:25
27.3.2019;fridge;3,9W;17:30
27.3.2019;fridge;31,2W;17:35
27.3.2019;fridge;36,3W;17:40
27.3.2019;fridge;38,9W;17:45
27.3.2019;fridge;38,8W;17:50
27.3.2019;fridge;38,7W;17:55
27.3.2019;fridge;38,7W;18:00
27.3.2019;fridge;38,7W;18:05
27.3.2019;fridge;36,5W;18:10
27.3.2019;fridge;36,3W;18:15
27.3.2019;fridge;185,5W;18:20
27.3.2019;fridge;154,3W;18:25
27.3.2019;fridge;154,3W;18:30
27.3.2019;fridge;154,3W;18:35
27.3.2019;fridge;154,3W;18:40
27.3.2019;fridge;42,7W;18:45
27.3.2019;fridge;43,7W;18:50
27.3.2019;fridge;43,7W;18:55
27.3.2019;fridge;43,7W;19:00
27.3.2019;fridge;42,0W;19:05
27.3.2019;fridge;42,0W;19:10
27.3.2019;fridge;41,5W;19:15
27.3.2019;fridge;41,1W;19:20
27.3.2019;fridge;41,1W;19:25
27.3.2019;fridge;41,1W;19:30
27.3.2019;fridge;41,1W;19:35
27.3.2019;fridge;41,1W;19:40
27.3.2019;fridge;41,1W;19:45
27.3.2019;fridge;36,4W;19:50
27.3.2019;fridge;36,4W;19:55
27.3.2019;fridge;37,0W;20:00
27.3.2019;fridge;37,0W;20:05
27.3.2019;fridge;37,0W;20:10
27.3.2019;fridge;37,0W;20:15
27.3.2019;fridge;36,5W;20:20
27.3.2019;fridge;36,5W;20:25
27.3.2019;fridge;35,8W;20:30
27.3.2019;fridge;35,5W;20:35
27.3.2019;fridge;35,1W;20:40
27.3.2019;fridge;35,6W;20:45
27.3.2019;fridge;34,7W;20:50
27.3.2019;fridge;36,3W;20:55
27.3.2019;fridge;37,8W;21:00
27.3.2019;fridge;37,8W;21:05
27.3.2019;fridge;37,5W;21:10
27.3.2019;fridge;35,0W;21:15
27.3.2019;fridge;35,0W;21:20
27.3.2019;fridge;35,0W;21:25
27.3.2019;fridge;34,8W;21:30
27.3.2019;fridge;34,8W;21:35
27.3.2019;fridge;34,4W;21:40
27.3.2019;fridge;62,2W;21:45
27.3.2019;fridge;62,2W;21:50
27.3.2019;fridge;62,2W;21:55
27.3.2019;fridge;62,2W;22:00
27.3.2019;fridge;62,2W;22:05
27.3.2019;fridge;2,8W;22:10
27.3.2019;fridge;2,8W;22:15
27.3.2019;fridge;2,8W;22:20
27.3.2019;fridge;35,7W;22:25
27.3.2019;fridge;36,7W;22:30
27.3.2019;fridge;37,2W;22:35
27.3.2019;fridge;37,2W;22:40
27.3.2019;fridge;34,8W;22:45
27.3.2019;fridge;34,8W;22:50
27.3.2019;fridge;34,7W;22:55
27.3.2019;fridge;34,7W;23:00
27.3.2019;fridge;34,5W;23:05
27.3.2019;fridge;33,0W;23:10
27.3.2019;fridge;33,6W;23:15
27.3.2019;fridge;33,0W;23:20
27.3.2019;fridge;3,9W;23:25
27.3.2019;fridge;2,1W;23:30
27.3.2019;fridge;2,1W;23:35
27.3.2019;fridge;35,2W;23:40
27.3.2019;fridge;36,0W;23:45
27.3.2019;fridge;36,7W;23:50
27.3.2019;fridge;37,1W;23:55
28.3.2019;fridge;35,6W;00:00
28.3.2019;fridge;35,4W;00:05
28.3.2019;fridge;33,7W;00:10
28.3.2019;fridge;34,1W;00:15
28.3.2019;fridge;34,1W;00:20
28.3.2019;fridge;34,3W;00:25
28.3.2019;fridge;34,3W;00:30
28.3.2019;fridge;34,8W;00:35
28.3.2019;fridge;2,1W;00:40
28.3.2019;fridge;2,1W;00:45
28.3.2019;fridge;27,6W;00:50
28.3.2019;fridge;35,7W;00:55
28.3.2019;fridge;37,1W;01:00
28.3.2019;fridge;37,4W;01:05
28.3.2019;fridge;37,2W;01:10
28.3.2019;fridge;35,2W;01:15
28.3.2019;fridge;35,2W;01:20
28.3.2019;fridge;34,4W;01:25
28.3.2019;fridge;33,7W;01:30
28.3.2019;fridge;33,4W;01:35
28.3.2019;fridge;34,1W;01:40
28.3.2019;fridge;35,0W;01:45
28.3.2019;fridge;1,6W;01:50
28.3.2019;fridge;1,6W;01:55
28.3.2019;fridge;1,6W;02:00
28.3.2019;fridge;35,3W;02:05
28.3.2019;fridge;34,0W;02:10
28.3.2019;fridge;34,0W;02:15
28.3.2019;fridge;36,7W;02:20
28.3.2019;fridge;35,2W;02:25
28.3.2019;fridge;35,2W;02:30
28.3.2019;fridge;34,4W;02:35
28.3.2019;fridge;34,4W;02:40
28.3.2019;fridge;34,3W;02:45
28.3.2019;fridge;34,0W;02:50
28.3.2019;fridge;33,6W;02:55
28.3.2019;fridge;2,0W;03:00
28.3.2019;fridge;2,0W;03:05
28.3.2019;fridge;2,0W;03:10
28.3.2019;fridge;35,7W;03:15
28.3.2019;fridge;36,8W;03:20
28.3.2019;fridge;36,8W;03:25
28.3.2019;fridge;36,4W;03:30
28.3.2019;fridge;34,8W;03:35
28.3.2019;fridge;34,8W;03:40
28.3.2019;fridge;33,9W;03:45
28.3.2019;fridge;34,8W;03:50
28.3.2019;fridge;33,7W;03:55
28.3.2019;fridge;33,1W;04:00
28.3.2019;fridge;33,1W;04:05
28.3.2019;fridge;2,0W;04:10
28.3.2019;fridge;2,0W;04:15
28.3.2019;fridge;30,2W;04:20
28.3.2019;fridge;36,1W;04:25
28.3.2019;fridge;36,5W;04:30
28.3.2019;fridge;37,4W;04:35
28.3.2019;fridge;36,3W;04:40
28.3.2019;fridge;34,5W;04:45
28.3.2019;fridge;34,7W;04:50
28.3.2019;fridge;34,2W;04:55
28.3.2019;fridge;34,2W;05:00
28.3.2019;fridge;33,7W;05:05
28.3.2019;fridge;34,6W;05:10
28.3.2019;fridge;1,9W;05:15
28.3.2019;fridge;1,9W;05:20
28.3.2019;fridge;1,9W;05:25
28.3.2019;fridge;35,2W;05:30
28.3.2019;fridge;36,0W;05:35
28.3.2019;fridge;37,1W;05:40
28.3.2019;fridge;37,1W;05:45
28.3.2019;fridge;34,6W;05:50
28.3.2019;fridge;34,3W;05:55
28.3.2019;fridge;34,1W;06:00
28.3.2019;fridge;34,1W;06:05
28.3.2019;fridge;34,0W;06:10
28.3.2019;fridge;33,5W;06:15
28.3.2019;fridge;32,9W;06:20
28.3.2019;fridge;2,4W;06:25
28.3.2019;fridge;2,4W;06:30
28.3.2019;fridge;29,7W;06:35
28.3.2019;fridge;34,8W;06:40
28.3.2019;fridge;36,3W;06:45
28.3.2019;fridge;37,1W;06:50
28.3.2019;fridge;36,0W;06:55
28.3.2019;fridge;34,3W;07:00
28.3.2019;fridge;35,0W;07:05
28.3.2019;fridge;33,9W;07:10
28.3.2019;fridge;33,9W;07:15
28.3.2019;fridge;33,9W;07:20
28.3.2019;fridge;33,9W;07:25
28.3.2019;fridge;2,2W;07:30
28.3.2019;fridge;2,2W;07:35
28.3.2019;fridge;1,6W;07:40
28.3.2019;fridge;35,1W;07:45
28.3.2019;fridge;35,8W;07:50
28.3.2019;fridge;35,3W;07:55
28.3.2019;fridge;34,7W;08:00
28.3.2019;fridge;34,4W;08:05
28.3.2019;fridge;34,4W;08:10
28.3.2019;fridge;33,8W;08:15
28.3.2019;fridge;33,6W;08:20
28.3.2019;fridge;1,5W;08:25
28.3.2019;fridge;1,5W;08:30
28.3.2019;fridge;1,5W;08:35
28.3.2019;fridge;1,5W;08:40
28.3.2019;fridge;30,7W;08:45
28.3.2019;fridge;34,8W;08:50
28.3.2019;fridge;36,6W;08:55
28.3.2019;fridge;36,6W;09:00
28.3.2019;fridge;36,5W;09:05
28.3.2019;fridge;34,8W;09:10
28.3.2019;fridge;34,7W;09:15
28.3.2019;fridge;33,9W;09:20
28.3.2019;fridge;62,9W;09:25
28.3.2019;fridge;62,9W;09:30
28.3.2019;fridge;2,9W;09:35
28.3.2019;fridge;155,4W;09:40
28.3.2019;fridge;155,4W;09:45
28.3.2019;fridge;153,6W;09:50
28.3.2019;fridge;153,6W;09:55
28.3.2019;fridge;153,6W;10:00
28.3.2019;fridge;153,6W;10:05
28.3.2019;fridge;42,5W;10:10
28.3.2019;fridge;45,4W;10:15
28.3.2019;fridge;45,4W;10:20
28.3.2019;fridge;42,2W;10:25
28.3.2019;fridge;40,8W;10:30
28.3.2019;fridge;40,1W;10:35
28.3.2019;fridge;40,1W;10:40
28.3.2019;fridge;37,1W;10:45
28.3.2019;fridge;36,0W;10:50
28.3.2019;fridge;36,0W;10:55
28.3.2019;fridge;70,6W;11:00
28.3.2019;fridge;70,6W;11:05
28.3.2019;fridge;70,6W;11:10
28.3.2019;fridge;66,6W;11:15
28.3.2019;fridge;66,3W;11:20
28.3.2019;fridge;66,3W;11:25
28.3.2019;fridge;66,3W;11:30
28.3.2019;fridge;66,3W;11:35
28.3.2019;fridge;2,5W;11:40
28.3.2019;fridge;2,5W;11:45
28.3.2019;fridge;2,5W;11:50
28.3.2019;fridge;2,5W;11:55
28.3.2019;fridge;52,4W;12:00
28.3.2019;fridge;52,4W;12:05
28.3.2019;fridge;52,4W;12:10
28.3.2019;fridge;52,4W;12:15
28.3.2019;fridge;52,4W;12:20
28.3.2019;fridge;52,4W;12:25
28.3.2019;fridge;1,3W;12:30
28.3.2019;fridge;1,6W;12:35
28.3.2019;fridge;1,6W;12:40
28.3.2019;fridge;1,8W;12:45
28.3.2019;fridge;28,7W;12:50
28.3.2019;fridge;35,1W;12:55
28.3.2019;fridge;35,3W;13:00
28.3.2019;fridge;38,4W;13:05
28.3.2019;fridge;38,4W;13:10
28.3.2019;fridge;34,8W;13:15
28.3.2019;fridge;34,8W;13:20
28.3.2019;fridge;34,8W;13:25
28.3.2019;fridge;34,8W;13:30
28.3.2019;fridge;34,7W;13:35
28.3.2019;fridge;34,4W;13:40
28.3.2019;fridge;2,5W;13:45
28.3.2019;fridge;2,5W;13:50
28.3.2019;fridge;2,7W;13:55
28.3.2019;fridge;2,7W;14:00
28.3.2019;fridge;35,9W;14:05
28.3.2019;fridge;36,9W;14:10
28.3.2019;fridge;37,0W;14:15
28.3.2019;fridge;38,5W;14:20
28.3.2019;fridge;36,4W;14:25
28.3.2019;fridge;36,4W;14:30
28.3.2019;fridge;34,8W;14:35
28.3.2019;fridge;34,8W;14:40
28.3.2019;fridge;35,7W;14:45
28.3.2019;fridge;34,4W;14:50
28.3.2019;fridge;34,4W;14:55
28.3.2019;fridge;2,4W;15:00
28.3.2019;fridge;2,5W;15:05
28.3.2019;fridge;2,5W;15:10
28.3.2019;fridge;25,9W;15:15
28.3.2019;fridge;35,9W;15:20
28.3.2019;fridge;36,3W;15:25
28.3.2019;fridge;37,1W;15:30
28.3.2019;fridge;36,0W;15:35
28.3.2019;fridge;35,1W;15:40
28.3.2019;fridge;33,4W;15:45
28.3.2019;fridge;33,4W;15:50
28.3.2019;fridge;33,6W;15:55
28.3.2019;fridge;33,1W;16:00
28.3.2019;fridge;2,7W;16:05
28.3.2019;fridge;1,8W;16:10
28.3.2019;fridge;1,8W;16:15
28.3.2019;fridge;1,8W;16:20
28.3.2019;fridge;26,6W;16:25
28.3.2019;fridge;35,5W;16:30
28.3.2019;fridge;34,9W;16:35
28.3.2019;fridge;36,1W;16:40
28.3.2019;fridge;36,1W;16:45
28.3.2019;fridge;34,1W;16:50
28.3.2019;fridge;34,1W;16:55
28.3.2019;fridge;57,2W;17:00
28.3.2019;fridge;57,2W;17:05
28.3.2019;fridge;2,8W;17:10
28.3.2019;fridge;2,8W;17:15
28.3.2019;fridge;2,8W;17:20
28.3.2019;fridge;2,8W;17:25
28.3.2019;fridge;2,8W;17:30
28.3.2019;fridge;31,1W;17:35
28.3.2019;fridge;51,5W;17:40
28.3.2019;fridge;72,4W;17:45
28.3.2019;fridge;72,4W;17:50
28.3.2019;fridge;72,4W;17:55
28.3.2019;fridge;72,4W;18:00
28.3.2019;fridge;72,4W;18:05
28.3.2019;fridge;1,6W;18:10
28.3.2019;fridge;1,6W;18:15
28.3.2019;fridge;2,5W;18:20
28.3.2019;fridge;2,8W;18:25
28.3.2019;fridge;2,8W;18:30
28.3.2019;fridge;67,2W;18:35
28.3.2019;fridge;67,2W;18:40
28.3.2019;fridge;70,2W;18:45
28.3.2019;fridge;70,2W;18:50
28.3.2019;fridge;70,2W;18:55
28.3.2019;fridge;70,2W;19:00
28.3.2019;fridge;150,6W;19:05
28.3.2019;fridge;150,6W;19:10
28.3.2019;fridge;150,6W;19:15
28.3.2019;fridge;150,6W;19:20
28.3.2019;fridge;150,6W;19:25
28.3.2019;fridge;150,6W;19:30
28.3.2019;fridge;41,1W;19:35
28.3.2019;fridge;41,1W;19:40
28.3.2019;fridge;41,6W;19:45
28.3.2019;fridge;41,6W;19:50
28.3.2019;fridge;41,6W;19:55
28.3.2019;fridge;41,6W;20:00
28.3.2019;fridge;71,0W;20:05
28.3.2019;fridge;71,0W;20:10
28.3.2019;fridge;71,0W;20:15
28.3.2019;fridge;71,0W;20:20
28.3.2019;fridge;71,0W;20:25
28.3.2019;fridge;71,0W;20:30
28.3.2019;fridge;71,0W;20:35
28.3.2019;fridge;71,0W;20:40
28.3.2019;fridge;2,5W;20:45
28.3.2019;fridge;2,5W;20:50
28.3.2019;fridge;2,6W;20:55
28.3.2019;fridge;67,4W;21:00
28.3.2019;fridge;67,4W;21:05
28.3.2019;fridge;67,4W;21:10
28.3.2019;fridge;67,4W;21:15
28.3.2019;fridge;67,4W;21:20
28.3.2019;fridge;67,4W;21:25
28.3.2019;fridge;67,4W;21:30
28.3.2019;fridge;67,4W;21:35
28.3.2019;fridge;3,9W;21:40
28.3.2019;fridge;3,9W;21:45
28.3.2019;fridge;2,5W;21:50
28.3.2019;fridge;37,0W;21:55
28.3.2019;fridge;37,6W;22:00
28.3.2019;fridge;38,3W;22:05
28.3.2019;fridge;38,3W;22:10
28.3.2019;fridge;38,0W;22:15
28.3.2019;fridge;34,9W;22:20
28.3.2019;fridge;35,0W;22:25
28.3.2019;fridge;35,0W;22:30
28.3.2019;fridge;35,1W;22:35
28.3.2019;fridge;35,3W;22:40
28.3.2019;fridge;34,5W;22:45
28.3.2019;fridge;35,1W;22:50
28.3.2019;fridge;35,1W;22:55
28.3.2019;fridge;37,4W;23:00
28.3.2019;fridge;36,0W;23:05
28.3.2019;fridge;34,9W;23:10
28.3.2019;fridge;34,9W;23:15
28.3.2019;fridge;34,9W;23:20
28.3.2019;fridge;33,8W;23:25
28.3.2019;fridge;3,9W;23:30
28.3.2019;fridge;2,6W;23:35
28.3.2019;fridge;2,7W;23:40
28.3.2019;fridge;36,4W;23:45
28.3.2019;fridge;36,9W;23:50
28.3.2019;fridge;37,2W;23:55
01.04.2019;fridge;38,2W;00:00
01.04.2019;fridge;37,3W;00:05
01.04.2019;fridge;37,3W;00:10
01.04.2019;fridge;38,7W;00:15
01.04.2019;fridge;38,7W;00:20
01.04.2019;fridge;38,7W;00:25
01.04.2019;fridge;38,7W;00:30
01.04.2019;fridge;36,4W;00:35
01.04.2019;fridge;36,4W;00:40
01.04.2019;fridge;35,8W;00:45
01.04.2019;fridge;36,2W;00:50
01.04.2019;fridge;35,7W;00:55
01.04.2019;fridge;35,7W;01:00
01.04.2019;fridge;35,7W;01:05
01.04.2019;fridge;35,4W;01:10
01.04.2019;fridge;37,1W;01:15
01.04.2019;fridge;37,6W;01:20
01.04.2019;fridge;38,2W;01:25
01.04.2019;fridge;38,2W;01:30
01.04.2019;fridge;38,2W;01:35
01.04.2019;fridge;63,5W;01:40
01.04.2019;fridge;63,5W;01:45
01.04.2019;fridge;64,4W;01:50
01.04.2019;fridge;64,4W;01:55
01.04.2019;fridge;4,0W;02:00
01.04.2019;fridge;2,1W;02:05
01.04.2019;fridge;2,1W;02:10
01.04.2019;fridge;36,8W;02:15
01.04.2019;fridge;37,2W;02:20
01.04.2019;fridge;37,4W;02:25
01.04.2019;fridge;39,4W;02:30
01.04.2019;fridge;39,4W;02:35
01.04.2019;fridge;36,3W;02:40
01.04.2019;fridge;36,3W;02:45
01.04.2019;fridge;35,8W;02:50
01.04.2019;fridge;34,4W;02:55
01.04.2019;fridge;35,5W;03:00
01.04.2019;fridge;35,5W;03:05
01.04.2019;fridge;35,3W;03:10
01.04.2019;fridge;34,0W;03:15
01.04.2019;fridge;33,9W;03:20
01.04.2019;fridge;35,2W;03:25
01.04.2019;fridge;35,2W;03:30
01.04.2019;fridge;37,0W;03:35
01.04.2019;fridge;37,0W;03:40
01.04.2019;fridge;35,2W;03:45
01.04.2019;fridge;35,2W;03:50
01.04.2019;fridge;34,4W;03:55
01.04.2019;fridge;34,2W;04:00
01.04.2019;fridge;34,4W;04:05
01.04.2019;fridge;34,4W;04:10
01.04.2019;fridge;34,3W;04:15
01.04.2019;fridge;2,1W;04:20
01.04.2019;fridge;2,1W;04:25
01.04.2019;fridge;29,2W;04:30
01.04.2019;fridge;36,1W;04:35
01.04.2019;fridge;37,6W;04:40
01.04.2019;fridge;37,9W;04:45
01.04.2019;fridge;37,5W;04:50
01.04.2019;fridge;37,2W;04:55
01.04.2019;fridge;37,2W;05:00
01.04.2019;fridge;34,7W;05:05
01.04.2019;fridge;34,5W;05:10
01.04.2019;fridge;34,5W;05:15
01.04.2019;fridge;33,6W;05:20
01.04.2019;fridge;33,7W;05:25
01.04.2019;fridge;33,9W;05:30
01.04.2019;fridge;3,9W;05:35
01.04.2019;fridge;2,0W;05:40
01.04.2019;fridge;2,0W;05:45
01.04.2019;fridge;35,9W;05:50
01.04.2019;fridge;36,8W;05:55
01.04.2019;fridge;37,7W;06:00
01.04.2019;fridge;38,3W;06:05
01.04.2019;fridge;37,3W;06:10
01.04.2019;fridge;37,3W;06:15
01.04.2019;fridge;35,2W;06:20
01.04.2019;fridge;35,2W;06:25
01.04.2019;fridge;34,5W;06:30
01.04.2019;fridge;34,1W;06:35
01.04.2019;fridge;34,5W;06:40
01.04.2019;fridge;33,2W;06:45
01.04.2019;fridge;33,5W;06:50
01.04.2019;fridge;2,1W;06:55
01.04.2019;fridge;2,1W;07:00
01.04.2019;fridge;28,8W;07:05
01.04.2019;fridge;35,4W;07:10
01.04.2019;fridge;36,3W;07:15
01.04.2019;fridge;37,9W;07:20
01.04.2019;fridge;37,9W;07:25
01.04.2019;fridge;35,4W;07:30
01.04.2019;fridge;35,1W;07:35
01.04.2019;fridge;34,9W;07:40
01.04.2019;fridge;34,6W;07:45
01.04.2019;fridge;34,8W;07:50
01.04.2019;fridge;33,8W;07:55
01.04.2019;fridge;33,3W;08:00
01.04.2019;fridge;32,8W;08:05
01.04.2019;fridge;2,5W;08:10
01.04.2019;fridge;2,5W;08:15
01.04.2019;fridge;30,8W;08:20
01.04.2019;fridge;35,4W;08:25
01.04.2019;fridge;36,8W;08:30
01.04.2019;fridge;37,1W;08:35
01.04.2019;fridge;37,4W;08:40
01.04.2019;fridge;35,3W;08:45
01.04.2019;fridge;35,1W;08:50
01.04.2019;fridge;34,4W;08:55
01.04.2019;fridge;34,8W;09:00
01.04.2019;fridge;34,0W;09:05
01.04.2019;fridge;33,6W;09:10
01.04.2019;fridge;33,5W;09:15
01.04.2019;fridge;4,0W;09:20
01.04.2019;fridge;1,5W;09:25
01.04.2019;fridge;1,5W;09:30
01.04.2019;fridge;34,5W;09:35
01.04.2019;fridge;35,5W;09:40
01.04.2019;fridge;37,3W;09:45
01.04.2019;fridge;37,3W;09:50
01.04.2019;fridge;36,7W;09:55
01.04.2019;fridge;34,4W;10:00
01.04.2019;fridge;34,1W;10:05
01.04.2019;fridge;34,0W;10:10
01.04.2019;fridge;34,2W;10:15
01.04.2019;fridge;34,0W;10:20
01.04.2019;fridge;34,0W;10:25
01.04.2019;fridge;4,0W;10:30
01.04.2019;fridge;2,3W;10:35
01.04.2019;fridge;2,3W;10:40
01.04.2019;fridge;35,1W;10:45
01.04.2019;fridge;35,8W;10:50
01.04.2019;fridge;36,4W;10:55
01.04.2019;fridge;36,1W;11:00
01.04.2019;fridge;34,0W;11:05
01.04.2019;fridge;34,4W;11:10
01.04.2019;fridge;34,4W;11:15
01.04.2019;fridge;33,5W;11:20
01.04.2019;fridge;33,0W;11:25
01.04.2019;fridge;1,5W;11:30
01.04.2019;fridge;1,5W;11:35
01.04.2019;fridge;1,5W;11:40
01.04.2019;fridge;1,5W;11:45
01.04.2019;fridge;34,4W;11:50
01.04.2019;fridge;35,8W;11:55
01.04.2019;fridge;37,0W;12:00
01.04.2019;fridge;37,0W;12:05
01.04.2019;fridge;37,0W;12:10
01.04.2019;fridge;34,4W;12:15
01.04.2019;fridge;34,4W;12:20
01.04.2019;fridge;34,3W;12:25
01.04.2019;fridge;34,3W;12:30
01.04.2019;fridge;33,2W;12:35
01.04.2019;fridge;1,6W;12:40
01.04.2019;fridge;1,6W;12:45
01.04.2019;fridge;1,6W;12:50
01.04.2019;fridge;1,3W;12:55
01.04.2019;fridge;33,8W;13:00
01.04.2019;fridge;36,4W;13:05
01.04.2019;fridge;36,7W;13:10
01.04.2019;fridge;36,9W;13:15
01.04.2019;fridge;36,2W;13:20
01.04.2019;fridge;34,7W;13:25
01.04.2019;fridge;34,0W;13:30
01.04.2019;fridge;34,6W;13:35
01.04.2019;fridge;33,9W;13:40
01.04.2019;fridge;33,7W;13:45
01.04.2019;fridge;1,6W;13:50
01.04.2019;fridge;1,5W;13:55
01.04.2019;fridge;1,5W;14:00
01.04.2019;fridge;1,5W;14:05
01.04.2019;fridge;35,0W;14:10
01.04.2019;fridge;36,3W;14:15
01.04.2019;fridge;35,2W;14:20
01.04.2019;fridge;35,2W;14:25
01.04.2019;fridge;35,5W;14:30
01.04.2019;fridge;35,5W;14:35
01.04.2019;fridge;35,5W;14:40
01.04.2019;fridge;34,0W;14:45
01.04.2019;fridge;34,0W;14:50
01.04.2019;fridge;33,6W;14:55
01.04.2019;fridge;2,5W;15:00
01.04.2019;fridge;1,5W;15:05
01.04.2019;fridge;1,5W;15:10
01.04.2019;fridge;1,5W;15:15
01.04.2019;fridge;34,3W;15:20
01.04.2019;fridge;36,6W;15:25
01.04.2019;fridge;36,6W;15:30
01.04.2019;fridge;36,8W;15:35
01.04.2019;fridge;35,3W;15:40
01.04.2019;fridge;34,8W;15:45
01.04.2019;fridge;35,5W;15:50
01.04.2019;fridge;33,9W;15:55
01.04.2019;fridge;33,5W;16:00
01.04.2019;fridge;34,5W;16:05
01.04.2019;fridge;33,2W;16:10
01.04.2019;fridge;1,5W;16:15
01.04.2019;fridge;1,5W;16:20
01.04.2019;fridge;1,5W;16:25
01.04.2019;fridge;1,5W;16:30
01.04.2019;fridge;36,2W;16:35
01.04.2019;fridge;36,5W;16:40
01.04.2019;fridge;37,5W;16:45
01.04.2019;fridge;37,3W;16:50
01.04.2019;fridge;37,3W;16:55
01.04.2019;fridge;35,7W;17:00
01.04.2019;fridge;35,1W;17:05
01.04.2019;fridge;34,9W;17:10
01.04.2019;fridge;34,9W;17:15
01.04.2019;fridge;34,5W;17:20
01.04.2019;fridge;2,8W;17:25
01.04.2019;fridge;1,4W;17:30
01.04.2019;fridge;1,4W;17:35
01.04.2019;fridge;1,4W;17:40
01.04.2019;fridge;26,6W;17:45
01.04.2019;fridge;36,2W;17:50
01.04.2019;fridge;36,8W;17:55
01.04.2019;fridge;36,8W;18:00
01.04.2019;fridge;36,8W;18:05
01.04.2019;fridge;35,5W;18:10
01.04.2019;fridge;35,5W;18:15
01.04.2019;fridge;35,2W;18:20
01.04.2019;fridge;35,2W;18:25
01.04.2019;fridge;34,2W;18:30
01.04.2019;fridge;33,4W;18:35
01.04.2019;fridge;2,8W;18:40
01.04.2019;fridge;2,8W;18:45
01.04.2019;fridge;2,8W;18:50
01.04.2019;fridge;1,8W;18:55
01.04.2019;fridge;35,5W;19:00
01.04.2019;fridge;36,0W;19:05
01.04.2019;fridge;37,0W;19:10
01.04.2019;fridge;37,2W;19:15
01.04.2019;fridge;35,8W;19:20
01.04.2019;fridge;35,1W;19:25
01.04.2019;fridge;35,2W;19:30
01.04.2019;fridge;34,0W;19:35
01.04.2019;fridge;33,5W;19:40
01.04.2019;fridge;33,5W;19:45
01.04.2019;fridge;2,5W;19:50
01.04.2019;fridge;1,6W;19:55
01.04.2019;fridge;1,6W;20:00
01.04.2019;fridge;1,6W;20:05
01.04.2019;fridge;29,1W;20:10
01.04.2019;fridge;34,7W;20:15
01.04.2019;fridge;36,6W;20:20
01.04.2019;fridge;37,7W;20:25
01.04.2019;fridge;37,1W;20:30
01.04.2019;fridge;65,4W;20:35
01.04.2019;fridge;65,4W;20:40
01.04.2019;fridge;65,4W;20:45
01.04.2019;fridge;2,9W;20:50
01.04.2019;fridge;2,9W;20:55
01.04.2019;fridge;2,9W;21:00
01.04.2019;fridge;2,7W;21:05
01.04.2019;fridge;2,7W;21:10
01.04.2019;fridge;67,0W;21:15
01.04.2019;fridge;67,0W;21:20
01.04.2019;fridge;67,0W;21:25
01.04.2019;fridge;67,0W;21:30
01.04.2019;fridge;186,6W;21:35
01.04.2019;fridge;157,0W;21:40
01.04.2019;fridge;157,0W;21:45
01.04.2019;fridge;157,0W;21:50
01.04.2019;fridge;152,8W;21:55
01.04.2019;fridge;54,4W;22:00
01.04.2019;fridge;45,1W;22:05
01.04.2019;fridge;45,1W;22:10
01.04.2019;fridge;45,1W;22:15
01.04.2019;fridge;45,1W;22:20
01.04.2019;fridge;41,3W;22:25
01.04.2019;fridge;41,3W;22:30
01.04.2019;fridge;41,3W;22:35
01.04.2019;fridge;37,8W;22:40
01.04.2019;fridge;36,9W;22:45
01.04.2019;fridge;36,0W;22:50
01.04.2019;fridge;36,0W;22:55
01.04.2019;fridge;35,7W;23:00
01.04.2019;fridge;35,7W;23:05
01.04.2019;fridge;35,2W;23:10
01.04.2019;fridge;35,4W;23:15
01.04.2019;fridge;34,8W;23:20
01.04.2019;fridge;34,6W;23:25
01.04.2019;fridge;34,4W;23:30
01.04.2019;fridge;34,5W;23:35
01.04.2019;fridge;36,0W;23:40
01.04.2019;fridge;36,0W;23:45
01.04.2019;fridge;36,7W;23:50
01.04.2019;fridge;36,7W;23:55
02.04.2019;fridge;35,0W;00:00
02.04.2019;fridge;34,5W;00:05
02.04.2019;fridge;33,5W;00:10
02.04.2019;fridge;33,8W;00:15
02.04.2019;fridge;34,4W;00:20
02.04.2019;fridge;33,4W;00:25
02.04.2019;fridge;2,7W;00:30
02.04.2019;fridge;2,7W;00:35
02.04.2019;fridge;2,7W;00:40
02.04.2019;fridge;2,7W;00:45
02.04.2019;fridge;35,7W;00:50
02.04.2019;fridge;35,7W;00:55
02.04.2019;fridge;37,4W;01:00
02.04.2019;fridge;37,4W;01:05
02.04.2019;fridge;37,4W;01:10
02.04.2019;fridge;35,2W;01:15
02.04.2019;fridge;35,0W;01:20
02.04.2019;fridge;34,5W;01:25
02.04.2019;fridge;34,5W;01:30
02.04.2019;fridge;33,8W;01:35
02.04.2019;fridge;33,7W;01:40
02.04.2019;fridge;33,4W;01:45
02.04.2019;fridge;1,6W;01:50
02.04.2019;fridge;1,6W;01:55
02.04.2019;fridge;1,6W;02:00
02.04.2019;fridge;33,0W;02:05
02.04.2019;fridge;35,8W;02:10
02.04.2019;fridge;35,9W;02:15
02.04.2019;fridge;37,1W;02:20
02.04.2019;fridge;37,4W;02:25
02.04.2019;fridge;35,7W;02:30
02.04.2019;fridge;35,6W;02:35
02.04.2019;fridge;34,1W;02:40
02.04.2019;fridge;34,5W;02:45
02.04.2019;fridge;34,5W;02:50
02.04.2019;fridge;34,5W;02:55
02.04.2019;fridge;33,3W;03:00
02.04.2019;fridge;1,6W;03:05
02.04.2019;fridge;1,6W;03:10
02.04.2019;fridge;1,6W;03:15
02.04.2019;fridge;1,6W;03:20
02.04.2019;fridge;34,9W;03:25
02.04.2019;fridge;36,8W;03:30
02.04.2019;fridge;36,8W;03:35
02.04.2019;fridge;36,8W;03:40
02.04.2019;fridge;36,8W;03:45
02.04.2019;fridge;36,8W;03:50
02.04.2019;fridge;35,1W;03:55
02.04.2019;fridge;34,5W;04:00
02.04.2019;fridge;34,5W;04:05
02.04.2019;fridge;34,4W;04:10
02.04.2019;fridge;33,2W;04:15
02.04.2019;fridge;1,6W;04:20
02.04.2019;fridge;1,6W;04:25
02.04.2019;fridge;1,6W;04:30
02.04.2019;fridge;1,6W;04:35
02.04.2019;fridge;34,3W;04:40
02.04.2019;fridge;35,2W;04:45
02.04.2019;fridge;36,8W;04:50
02.04.2019;fridge;36,1W;04:55
02.04.2019;fridge;36,1W;05:00
02.04.2019;fridge;36,1W;05:05
02.04.2019;fridge;35,0W;05:10
02.04.2019;fridge;34,0W;05:15
02.04.2019;fridge;35,0W;05:20
02.04.2019;fridge;33,6W;05:25
02.04.2019;fridge;33,2W;05:30
02.04.2019;fridge;1,4W;05:35
02.04.2019;fridge;1,4W;05:40
02.04.2019;fridge;1,4W;05:45
02.04.2019;fridge;1,7W;05:50
02.04.2019;fridge;35,2W;05:55
02.04.2019;fridge;34,6W;06:00
02.04.2019;fridge;37,6W;06:05
02.04.2019;fridge;37,6W;06:10
02.04.2019;fridge;37,1W;06:15
02.04.2019;fridge;34,9W;06:20
02.04.2019;fridge;34,5W;06:25
02.04.2019;fridge;34,6W;06:30
02.04.2019;fridge;34,5W;06:35
02.04.2019;fridge;34,3W;06:40
02.04.2019;fridge;34,3W;06:45
02.04.2019;fridge;1,6W;06:50
02.04.2019;fridge;1,6W;06:55
02.04.2019;fridge;1,6W;07:00
02.04.2019;fridge;1,7W;07:05
02.04.2019;fridge;34,3W;07:10
02.04.2019;fridge;35,7W;07:15
02.04.2019;fridge;36,8W;07:20
02.04.2019;fridge;37,5W;07:25
02.04.2019;fridge;36,2W;07:30
02.04.2019;fridge;34,8W;07:35
02.04.2019;fridge;34,8W;07:40
02.04.2019;fridge;33,9W;07:45
02.04.2019;fridge;33,9W;07:50
02.04.2019;fridge;33,7W;07:55
02.04.2019;fridge;33,5W;08:00
02.04.2019;fridge;2,5W;08:05
02.04.2019;fridge;2,5W;08:10
02.04.2019;fridge;2,5W;08:15
02.04.2019;fridge;2,5W;08:20
02.04.2019;fridge;35,3W;08:25
02.04.2019;fridge;35,3W;08:30
02.04.2019;fridge;36,7W;08:35
02.04.2019;fridge;37,2W;08:40
02.04.2019;fridge;66,1W;08:45
02.04.2019;fridge;68,0W;08:50
02.04.2019;fridge;68,0W;08:55
02.04.2019;fridge;68,0W;09:00
02.04.2019;fridge;2,7W;09:05
02.04.2019;fridge;2,7W;09:10
02.04.2019;fridge;2,7W;09:15
02.04.2019;fridge;2,7W;09:20
02.04.2019;fridge;26,1W;09:25
02.04.2019;fridge;68,1W;09:30
02.04.2019;fridge;68,1W;09:35
02.04.2019;fridge;68,1W;09:40
02.04.2019;fridge;68,1W;09:45
02.04.2019;fridge;68,1W;09:50
02.04.2019;fridge;153,8W;09:55
02.04.2019;fridge;153,8W;10:00
02.04.2019;fridge;153,8W;10:05
02.04.2019;fridge;153,8W;10:10
02.04.2019;fridge;153,8W;10:15
02.04.2019;fridge;153,8W;10:20
02.04.2019;fridge;44,1W;10:25
02.04.2019;fridge;44,1W;10:30
02.04.2019;fridge;43,9W;10:35
02.04.2019;fridge;41,0W;10:40
02.04.2019;fridge;40,7W;10:45
02.04.2019;fridge;40,7W;10:50
02.04.2019;fridge;40,6W;10:55
02.04.2019;fridge;39,4W;11:00
02.04.2019;fridge;37,4W;11:05
02.04.2019;fridge;37,0W;11:10
02.04.2019;fridge;37,0W;11:15
02.04.2019;fridge;36,4W;11:20
02.04.2019;fridge;36,4W;11:25
02.04.2019;fridge;34,4W;11:30
02.04.2019;fridge;35,5W;11:35
02.04.2019;fridge;35,1W;11:40
02.04.2019;fridge;37,0W;11:45
02.04.2019;fridge;37,3W;11:50
02.04.2019;fridge;37,3W;11:55
02.04.2019;fridge;37,0W;12:00
02.04.2019;fridge;37,0W;12:05
02.04.2019;fridge;37,0W;12:10
02.04.2019;fridge;34,8W;12:15
02.04.2019;fridge;34,6W;12:20
02.04.2019;fridge;34,6W;12:25
02.04.2019;fridge;34,9W;12:30
02.04.2019;fridge;34,5W;12:35
02.04.2019;fridge;48,6W;12:40
02.04.2019;fridge;63,4W;12:45
02.04.2019;fridge;2,8W;12:50
02.04.2019;fridge;2,8W;12:55
02.04.2019;fridge;2,8W;13:00
02.04.2019;fridge;2,8W;13:05
02.04.2019;fridge;52,9W;13:10
02.04.2019;fridge;52,9W;13:15
02.04.2019;fridge;52,9W;13:20
02.04.2019;fridge;52,9W;13:25
02.04.2019;fridge;52,9W;13:30
02.04.2019;fridge;52,9W;13:35
02.04.2019;fridge;52,9W;13:40
02.04.2019;fridge;52,9W;13:45
02.04.2019;fridge;3,9W;13:50
02.04.2019;fridge;3,9W;13:55
02.04.2019;fridge;2,6W;14:00
02.04.2019;fridge;30,0W;14:05
02.04.2019;fridge;36,3W;14:10
02.04.2019;fridge;35,4W;14:15
02.04.2019;fridge;38,4W;14:20
02.04.2019;fridge;38,4W;14:25
02.04.2019;fridge;38,1W;14:30
02.04.2019;fridge;36,2W;14:35
02.04.2019;fridge;35,9W;14:40
02.04.2019;fridge;35,8W;14:45
02.04.2019;fridge;34,4W;14:50
02.04.2019;fridge;34,0W;14:55
02.04.2019;fridge;34,7W;15:00
02.04.2019;fridge;34,7W;15:05
02.04.2019;fridge;35,3W;15:10
02.04.2019;fridge;36,6W;15:15
02.04.2019;fridge;37,1W;15:20
02.04.2019;fridge;37,9W;15:25
02.04.2019;fridge;35,7W;15:30
02.04.2019;fridge;34,7W;15:35
02.04.2019;fridge;35,1W;15:40
02.04.2019;fridge;34,7W;15:45
02.04.2019;fridge;34,7W;15:50
02.04.2019;fridge;34,1W;15:55
02.04.2019;fridge;3,0W;16:00
02.04.2019;fridge;3,0W;16:05
02.04.2019;fridge;30,1W;16:10
02.04.2019;fridge;36,2W;16:15
02.04.2019;fridge;38,4W;16:20
02.04.2019;fridge;38,4W;16:25
02.04.2019;fridge;38,7W;16:30
02.04.2019;fridge;38,2W;16:35
02.04.2019;fridge;35,8W;16:40
02.04.2019;fridge;35,3W;16:45
02.04.2019;fridge;34,9W;16:50
02.04.2019;fridge;35,1W;16:55
02.04.2019;fridge;34,5W;17:00
02.04.2019;fridge;34,5W;17:05
02.04.2019;fridge;34,6W;17:10
02.04.2019;fridge;4,0W;17:15
02.04.2019;fridge;3,0W;17:20
02.04.2019;fridge;3,0W;17:25
02.04.2019;fridge;31,9W;17:30
02.04.2019;fridge;36,2W;17:35
02.04.2019;fridge;37,3W;17:40
02.04.2019;fridge;37,0W;17:45
02.04.2019;fridge;38,0W;17:50
02.04.2019;fridge;35,9W;17:55
02.04.2019;fridge;35,7W;18:00
02.04.2019;fridge;33,8W;18:05
02.04.2019;fridge;33,5W;18:10
02.04.2019;fridge;34,7W;18:15
02.04.2019;fridge;33,9W;18:20
02.04.2019;fridge;34,3W;18:25
02.04.2019;fridge;4,1W;18:30
02.04.2019;fridge;2,0W;18:35
02.04.2019;fridge;2,0W;18:40
02.04.2019;fridge;36,3W;18:45
02.04.2019;fridge;36,5W;18:50
02.04.2019;fridge;37,1W;18:55
02.04.2019;fridge;37,2W;19:00
02.04.2019;fridge;37,2W;19:05
02.04.2019;fridge;34,9W;19:10
02.04.2019;fridge;34,9W;19:15
02.04.2019;fridge;33,8W;19:20
02.04.2019;fridge;33,8W;19:25
02.04.2019;fridge;33,9W;19:30
02.04.2019;fridge;33,9W;19:35
02.04.2019;fridge;32,6W;19:40
02.04.2019;fridge;2,3W;19:45
02.04.2019;fridge;2,3W;19:50
02.04.2019;fridge;30,1W;19:55
02.04.2019;fridge;35,4W;20:00
02.04.2019;fridge;36,1W;20:05
02.04.2019;fridge;36,1W;20:10
02.04.2019;fridge;36,1W;20:15
02.04.2019;fridge;154,1W;20:20
02.04.2019;fridge;154,1W;20:25
02.04.2019;fridge;154,1W;20:30
02.04.2019;fridge;154,1W;20:35
02.04.2019;fridge;154,1W;20:40
02.04.2019;fridge;39,3W;20:45
02.04.2019;fridge;44,6W;20:50
02.04.2019;fridge;44,6W;20:55
02.04.2019;fridge;49,3W;21:00
02.04.2019;fridge;75,9W;21:05
02.04.2019;fridge;75,9W;21:10
02.04.2019;fridge;75,9W;21:15
02.04.2019;fridge;75,9W;21:20
02.04.2019;fridge;75,9W;21:25
02.04.2019;fridge;75,9W;21:30
02.04.2019;fridge;66,3W;21:35
02.04.2019;fridge;66,3W;21:40
02.04.2019;fridge;66,3W;21:45
02.04.2019;fridge;2,7W;21:50
02.04.2019;fridge;2,7W;21:55
02.04.2019;fridge;2,7W;22:00
02.04.2019;fridge;52,9W;22:05
02.04.2019;fridge;67,3W;22:10
02.04.2019;fridge;67,3W;22:15
02.04.2019;fridge;67,3W;22:20
02.04.2019;fridge;67,3W;22:25
02.04.2019;fridge;67,3W;22:30
02.04.2019;fridge;67,3W;22:35
02.04.2019;fridge;67,3W;22:40
02.04.2019;fridge;4,0W;22:45
02.04.2019;fridge;4,0W;22:50
02.04.2019;fridge;1,5W;22:55
02.04.2019;fridge;37,0W;23:00
02.04.2019;fridge;37,5W;23:05
02.04.2019;fridge;37,5W;23:10
02.04.2019;fridge;37,5W;23:15
02.04.2019;fridge;37,4W;23:20
02.04.2019;fridge;35,9W;23:25
02.04.2019;fridge;35,2W;23:30
02.04.2019;fridge;35,2W;23:35
02.04.2019;fridge;34,0W;23:40
02.04.2019;fridge;36,0W;23:45
02.04.2019;fridge;34,8W;23:50
02.04.2019;fridge;34,5W;23:55
03.04.2019;fridge;34,5W;00:00
03.04.2019;fridge;4,1W;00:05
03.04.2019;fridge;2,5W;00:10
03.04.2019;fridge;2,5W;00:15
03.04.2019;fridge;36,0W;00:20
03.04.2019;fridge;36,5W;00:25
03.04.2019;fridge;36,5W;00:30
03.04.2019;fridge;37,9W;00:35
03.04.2019;fridge;37,9W;00:40
03.04.2019;fridge;37,9W;00:45
03.04.2019;fridge;37,9W;00:50
03.04.2019;fridge;35,0W;00:55
03.04.2019;fridge;34,7W;01:00
03.04.2019;fridge;35,1W;01:05
03.04.2019;fridge;35,4W;01:10
03.04.2019;fridge;35,4W;01:15
03.04.2019;fridge;4,0W;01:20
03.04.2019;fridge;4,0W;01:25
03.04.2019;fridge;4,0W;01:30
03.04.2019;fridge;36,1W;01:35
03.04.2019;fridge;36,1W;01:40
03.04.2019;fridge;37,1W;01:45
03.04.2019;fridge;36,8W;01:50
03.04.2019;fridge;35,6W;01:55
03.04.2019;fridge;34,9W;02:00
03.04.2019;fridge;34,1W;02:05
03.04.2019;fridge;34,5W;02:10
03.04.2019;fridge;34,2W;02:15
03.04.2019;fridge;33,9W;02:20
03.04.2019;fridge;34,2W;02:25
03.04.2019;fridge;33,8W;02:30
03.04.2019;fridge;2,1W;02:35
03.04.2019;fridge;2,1W;02:40
03.04.2019;fridge;2,1W;02:45
03.04.2019;fridge;35,7W;02:50
03.04.2019;fridge;36,9W;02:55
03.04.2019;fridge;37,3W;03:00
03.04.2019;fridge;37,3W;03:05
03.04.2019;fridge;37,3W;03:10
03.04.2019;fridge;34,6W;03:15
03.04.2019;fridge;34,0W;03:20
03.04.2019;fridge;34,0W;03:25
03.04.2019;fridge;33,0W;03:30
03.04.2019;fridge;33,2W;03:35
03.04.2019;fridge;33,2W;03:40
03.04.2019;fridge;2,0W;03:45
03.04.2019;fridge;2,0W;03:50
03.04.2019;fridge;1,6W;03:55
03.04.2019;fridge;35,6W;04:00
03.04.2019;fridge;36,2W;04:05
03.04.2019;fridge;36,7W;04:10
03.04.2019;fridge;36,8W;04:15
03.04.2019;fridge;36,8W;04:20
03.04.2019;fridge;34,2W;04:25
03.04.2019;fridge;34,2W;04:30
03.04.2019;fridge;34,2W;04:35
03.04.2019;fridge;34,2W;04:40
03.04.2019;fridge;33,6W;04:45
03.04.2019;fridge;33,5W;04:50
03.04.2019;fridge;1,7W;04:55
03.04.2019;fridge;1,7W;05:00
03.04.2019;fridge;1,7W;05:05
03.04.2019;fridge;35,5W;05:10
03.04.2019;fridge;35,9W;05:15
03.04.2019;fridge;35,9W;05:20
03.04.2019;fridge;35,9W;05:25
03.04.2019;fridge;36,1W;05:30
03.04.2019;fridge;34,5W;05:35
03.04.2019;fridge;34,1W;05:40
03.04.2019;fridge;34,4W;05:45
03.04.2019;fridge;34,0W;05:50
03.04.2019;fridge;33,2W;05:55
03.04.2019;fridge;33,1W;06:00
03.04.2019;fridge;1,9W;06:05
03.04.2019;fridge;1,4W;06:10
03.04.2019;fridge;1,4W;06:15
03.04.2019;fridge;35,3W;06:20
03.04.2019;fridge;36,8W;06:25
03.04.2019;fridge;36,4W;06:30
03.04.2019;fridge;36,4W;06:35
03.04.2019;fridge;35,4W;06:40
03.04.2019;fridge;34,0W;06:45
03.04.2019;fridge;35,0W;06:50
03.04.2019;fridge;33,9W;06:55
03.04.2019;fridge;33,8W;07:00
03.04.2019;fridge;33,8W;07:05
03.04.2019;fridge;32,7W;07:10
03.04.2019;fridge;2,0W;07:15
03.04.2019;fridge;2,0W;07:20
03.04.2019;fridge;29,0W;07:25
03.04.2019;fridge;35,5W;07:30
03.04.2019;fridge;36,0W;07:35
03.04.2019;fridge;36,8W;07:40
03.04.2019;fridge;36,5W;07:45
03.04.2019;fridge;35,8W;07:50
03.04.2019;fridge;34,5W;07:55
03.04.2019;fridge;34,1W;08:00
03.04.2019;fridge;33,3W;08:05
03.04.2019;fridge;33,3W;08:10
03.04.2019;fridge;33,3W;08:15
03.04.2019;fridge;33,9W;08:20
03.04.2019;fridge;2,0W;08:25
03.04.2019;fridge;2,0W;08:30
03.04.2019;fridge;30,1W;08:35
03.04.2019;fridge;35,1W;08:40
03.04.2019;fridge;36,3W;08:45
03.04.2019;fridge;36,3W;08:50
03.04.2019;fridge;36,3W;08:55
03.04.2019;fridge;34,3W;09:00
03.04.2019;fridge;34,0W;09:05
03.04.2019;fridge;33,4W;09:10
03.04.2019;fridge;33,5W;09:15
03.04.2019;fridge;33,8W;09:20
03.04.2019;fridge;33,4W;09:25
03.04.2019;fridge;2,2W;09:30
03.04.2019;fridge;2,2W;09:35
03.04.2019;fridge;2,2W;09:40
03.04.2019;fridge;35,3W;09:45
03.04.2019;fridge;35,8W;09:50
03.04.2019;fridge;36,9W;09:55
03.04.2019;fridge;36,3W;10:00
03.04.2019;fridge;34,7W;10:05
03.04.2019;fridge;34,0W;10:10
03.04.2019;fridge;34,0W;10:15
03.04.2019;fridge;32,3W;10:20
03.04.2019;fridge;2,7W;10:25
03.04.2019;fridge;1,5W;10:30
03.04.2019;fridge;1,5W;10:35
03.04.2019;fridge;1,5W;10:40
03.04.2019;fridge;1,5W;10:45
03.04.2019;fridge;35,8W;10:50
03.04.2019;fridge;35,8W;10:55
03.04.2019;fridge;36,2W;11:00
03.04.2019;fridge;35,8W;11:05
03.04.2019;fridge;35,8W;11:10
03.04.2019;fridge;33,6W;11:15
03.04.2019;fridge;34,1W;11:20
03.04.2019;fridge;34,2W;11:25
03.04.2019;fridge;33,3W;11:30
03.04.2019;fridge;2,7W;11:35
03.04.2019;fridge;1,5W;11:40
03.04.2019;fridge;1,5W;11:45
03.04.2019;fridge;1,9W;11:50
03.04.2019;fridge;30,0W;11:55
03.04.2019;fridge;35,0W;12:00
03.04.2019;fridge;37,3W;12:05
03.04.2019;fridge;37,3W;12:10
03.04.2019;fridge;37,2W;12:15
03.04.2019;fridge;34,4W;12:20
03.04.2019;fridge;34,7W;12:25
03.04.2019;fridge;34,7W;12:30
03.04.2019;fridge;33,2W;12:35
03.04.2019;fridge;34,2W;12:40
03.04.2019;fridge;34,2W;12:45
03.04.2019;fridge;2,6W;12:50
03.04.2019;fridge;1,6W;12:55
03.04.2019;fridge;1,6W;13:00
03.04.2019;fridge;1,6W;13:05
03.04.2019;fridge;33,9W;13:10
03.04.2019;fridge;36,6W;13:15
03.04.2019;fridge;37,9W;13:20
03.04.2019;fridge;37,9W;13:25
03.04.2019;fridge;37,4W;13:30
03.04.2019;fridge;35,6W;13:35
03.04.2019;fridge;187,8W;13:40
03.04.2019;fridge;157,1W;13:45
03.04.2019;fridge;157,1W;13:50
03.04.2019;fridge;154,6W;13:55
03.04.2019;fridge;154,6W;14:00
03.04.2019;fridge;39,4W;14:05
03.04.2019;fridge;44,5W;14:10
03.04.2019;fridge;44,5W;14:15
03.04.2019;fridge;41,9W;14:20
03.04.2019;fridge;41,9W;14:25
03.04.2019;fridge;41,3W;14:30
03.04.2019;fridge;41,3W;14:35
03.04.2019;fridge;41,3W;14:40
03.04.2019;fridge;41,3W;14:45
03.04.2019;fridge;37,5W;14:50
03.04.2019;fridge;37,3W;14:55
03.04.2019;fridge;37,3W;15:00
03.04.2019;fridge;36,3W;15:05
03.04.2019;fridge;36,2W;15:10
03.04.2019;fridge;35,4W;15:15
03.04.2019;fridge;35,5W;15:20
03.04.2019;fridge;35,5W;15:25
03.04.2019;fridge;34,7W;15:30
03.04.2019;fridge;34,7W;15:35
03.04.2019;fridge;37,2W;15:40
03.04.2019;fridge;37,2W;15:45
03.04.2019;fridge;36,6W;15:50
03.04.2019;fridge;35,4W;15:55
03.04.2019;fridge;35,4W;16:00
03.04.2019;fridge;34,4W;16:05
03.04.2019;fridge;34,4W;16:10
03.04.2019;fridge;34,4W;16:15
03.04.2019;fridge;34,2W;16:20
03.04.2019;fridge;33,6W;16:25
03.04.2019;fridge;34,1W;16:30
03.04.2019;fridge;33,5W;16:35
03.04.2019;fridge;1,7W;16:40
03.04.2019;fridge;1,7W;16:45
03.04.2019;fridge;1,7W;16:50
03.04.2019;fridge;35,4W;16:55
03.04.2019;fridge;35,4W;17:00
03.04.2019;fridge;35,4W;17:05
03.04.2019;fridge;35,4W;17:10
03.04.2019;fridge;38,5W;17:15
03.04.2019;fridge;38,5W;17:20
03.04.2019;fridge;35,2W;17:25
03.04.2019;fridge;35,2W;17:30
03.04.2019;fridge;34,3W;17:35
03.04.2019;fridge;34,3W;17:40
03.04.2019;fridge;34,3W;17:45
03.04.2019;fridge;33,9W;17:50
03.04.2019;fridge;33,9W;17:55
03.04.2019;fridge;2,6W;18:00
03.04.2019;fridge;2,6W;18:05
03.04.2019;fridge;2,6W;18:10
03.04.2019;fridge;0,0W;18:15
03.04.2019;fridge;0,0W;18:20
03.04.2019;fridge;0,0W;18:25
03.04.2019;fridge;0,0W;18:30
03.04.2019;fridge;0,0W;18:35
03.04.2019;fridge;0,0W;18:40
03.04.2019;fridge;0,0W;18:45
03.04.2019;fridge;43,5W;18:50
03.04.2019;fridge;93,2W;18:55
03.04.2019;fridge;93,2W;19:00
03.04.2019;fridge;93,2W;19:05
03.04.2019;fridge;93,2W;19:10
03.04.2019;fridge;93,2W;19:15
03.04.2019;fridge;93,2W;19:20
03.04.2019;fridge;93,2W;19:25
03.04.2019;fridge;2,5W;19:30
03.04.2019;fridge;2,5W;19:35
03.04.2019;fridge;2,7W;19:40
03.04.2019;fridge;2,7W;19:45
03.04.2019;fridge;68,4W;19:50
03.04.2019;fridge;68,4W;19:55
03.04.2019;fridge;68,4W;20:00
03.04.2019;fridge;68,4W;20:05
03.04.2019;fridge;68,4W;20:10
03.04.2019;fridge;68,4W;20:15
03.04.2019;fridge;68,4W;20:20
03.04.2019;fridge;68,4W;20:25
03.04.2019;fridge;2,9W;20:30
03.04.2019;fridge;3,1W;20:35
03.04.2019;fridge;3,2W;20:40
03.04.2019;fridge;69,5W;20:45
03.04.2019;fridge;69,5W;20:50
03.04.2019;fridge;69,5W;20:55
03.04.2019;fridge;69,5W;21:00
03.04.2019;fridge;69,5W;21:05
03.04.2019;fridge;69,5W;21:10
03.04.2019;fridge;69,5W;21:15
03.04.2019;fridge;69,5W;21:20
03.04.2019;fridge;69,5W;21:25
03.04.2019;fridge;2,8W;21:30
03.04.2019;fridge;2,8W;21:35
03.04.2019;fridge;2,7W;21:40
03.04.2019;fridge;37,3W;21:45
03.04.2019;fridge;38,2W;21:50
03.04.2019;fridge;38,2W;21:55
03.04.2019;fridge;38,2W;22:00
03.04.2019;fridge;38,2W;22:05
03.04.2019;fridge;38,2W;22:10
03.04.2019;fridge;37,6W;22:15
03.04.2019;fridge;37,6W;22:20
03.04.2019;fridge;36,9W;22:25
03.04.2019;fridge;36,8W;22:30
03.04.2019;fridge;36,6W;22:35
03.04.2019;fridge;179,0W;22:40
03.04.2019;fridge;152,1W;22:45
03.04.2019;fridge;152,1W;22:50
03.04.2019;fridge;152,1W;22:55
03.04.2019;fridge;152,1W;23:00
03.04.2019;fridge;152,1W;23:05
03.04.2019;fridge;45,8W;23:10
03.04.2019;fridge;46,9W;23:15
03.04.2019;fridge;46,9W;23:20
03.04.2019;fridge;46,9W;23:25
03.04.2019;fridge;46,9W;23:30
03.04.2019;fridge;46,9W;23:35
03.04.2019;fridge;42,8W;23:40
03.04.2019;fridge;42,8W;23:45
03.04.2019;fridge;41,4W;23:50
03.04.2019;fridge;41,4W;23:55
04.04.2019;fridge;41,4W;00:00
04.04.2019;fridge;40,0W;00:05
04.04.2019;fridge;38,7W;00:10
04.04.2019;fridge;38,7W;00:15
04.04.2019;fridge;39,0W;00:20
04.04.2019;fridge;39,0W;00:25
04.04.2019;fridge;37,3W;00:30
04.04.2019;fridge;36,6W;00:35
04.04.2019;fridge;38,0W;00:40
04.04.2019;fridge;39,0W;00:45
04.04.2019;fridge;39,0W;00:50
04.04.2019;fridge;39,4W;00:55
04.04.2019;fridge;39,4W;01:00
04.04.2019;fridge;37,0W;01:05
04.04.2019;fridge;37,0W;01:10
04.04.2019;fridge;37,0W;01:15
04.04.2019;fridge;37,0W;01:20
04.04.2019;fridge;37,0W;01:25
04.04.2019;fridge;36,2W;01:30
04.04.2019;fridge;35,3W;01:35
04.04.2019;fridge;35,1W;01:40
04.04.2019;fridge;38,0W;01:45
04.04.2019;fridge;38,0W;01:50
04.04.2019;fridge;38,1W;01:55
04.04.2019;fridge;37,2W;02:00
04.04.2019;fridge;35,3W;02:05
04.04.2019;fridge;64,5W;02:10
04.04.2019;fridge;64,5W;02:15
04.04.2019;fridge;64,5W;02:20
04.04.2019;fridge;64,5W;02:25
04.04.2019;fridge;1,8W;02:30
04.04.2019;fridge;1,8W;02:35
04.04.2019;fridge;1,8W;02:40
04.04.2019;fridge;37,0W;02:45
04.04.2019;fridge;37,0W;02:50
04.04.2019;fridge;37,0W;02:55
04.04.2019;fridge;38,6W;03:00
04.04.2019;fridge;38,5W;03:05
04.04.2019;fridge;38,5W;03:10
04.04.2019;fridge;36,3W;03:15
04.04.2019;fridge;35,1W;03:20
04.04.2019;fridge;35,7W;03:25
04.04.2019;fridge;35,7W;03:30
04.04.2019;fridge;34,2W;03:35
04.04.2019;fridge;34,2W;03:40
04.04.2019;fridge;34,6W;03:45
04.04.2019;fridge;34,7W;03:50
04.04.2019;fridge;36,6W;03:55
04.04.2019;fridge;37,1W;04:00
04.04.2019;fridge;37,3W;04:05
04.04.2019;fridge;37,3W;04:10
04.04.2019;fridge;34,9W;04:15
04.04.2019;fridge;34,1W;04:20
04.04.2019;fridge;34,6W;04:25
04.04.2019;fridge;33,8W;04:30
04.04.2019;fridge;33,7W;04:35
04.04.2019;fridge;34,3W;04:40
04.04.2019;fridge;34,4W;04:45
04.04.2019;fridge;2,0W;04:50
04.04.2019;fridge;2,0W;04:55
04.04.2019;fridge;31,4W;05:00
04.04.2019;fridge;36,2W;05:05
04.04.2019;fridge;35,8W;05:10
04.04.2019;fridge;37,9W;05:15
04.04.2019;fridge;37,9W;05:20
04.04.2019;fridge;36,5W;05:25
04.04.2019;fridge;35,1W;05:30
04.04.2019;fridge;34,3W;05:35
04.04.2019;fridge;34,7W;05:40
04.04.2019;fridge;35,0W;05:45
04.04.2019;fridge;33,0W;05:50
04.04.2019;fridge;33,6W;05:55
04.04.2019;fridge;33,3W;06:00
04.04.2019;fridge;33,0W;06:05
04.04.2019;fridge;1,5W;06:10
04.04.2019;fridge;1,5W;06:15
04.04.2019;fridge;30,3W;06:20
04.04.2019;fridge;36,1W;06:25
04.04.2019;fridge;36,1W;06:30
04.04.2019;fridge;36,1W;06:35
04.04.2019;fridge;36,8W;06:40
04.04.2019;fridge;35,6W;06:45
04.04.2019;fridge;35,4W;06:50
04.04.2019;fridge;35,1W;06:55
04.04.2019;fridge;34,6W;07:00
04.04.2019;fridge;33,9W;07:05
04.04.2019;fridge;34,4W;07:10
04.04.2019;fridge;34,4W;07:15
04.04.2019;fridge;34,0W;07:20
04.04.2019;fridge;4,0W;07:25
04.04.2019;fridge;2,0W;07:30
04.04.2019;fridge;2,0W;07:35
04.04.2019;fridge;36,8W;07:40
04.04.2019;fridge;36,8W;07:45
04.04.2019;fridge;38,2W;07:50
04.04.2019;fridge;38,2W;07:55
04.04.2019;fridge;37,4W;08:00
04.04.2019;fridge;35,7W;08:05
04.04.2019;fridge;35,0W;08:10
04.04.2019;fridge;34,0W;08:15
04.04.2019;fridge;34,5W;08:20
04.04.2019;fridge;33,7W;08:25
04.04.2019;fridge;33,7W;08:30
04.04.2019;fridge;33,7W;08:35
04.04.2019;fridge;33,1W;08:40
04.04.2019;fridge;2,2W;08:45
04.04.2019;fridge;1,6W;08:50
04.04.2019;fridge;30,7W;08:55
04.04.2019;fridge;35,8W;09:00
04.04.2019;fridge;35,5W;09:05
04.04.2019;fridge;37,0W;09:10
04.04.2019;fridge;37,0W;09:15
04.04.2019;fridge;36,1W;09:20
04.04.2019;fridge;34,9W;09:25
04.04.2019;fridge;34,6W;09:30
04.04.2019;fridge;34,4W;09:35
04.04.2019;fridge;34,4W;09:40
04.04.2019;fridge;33,4W;09:45
04.04.2019;fridge;33,2W;09:50
04.04.2019;fridge;33,2W;09:55
04.04.2019;fridge;2,1W;10:00
04.04.2019;fridge;2,1W;10:05
04.04.2019;fridge;28,2W;10:10
04.04.2019;fridge;36,4W;10:15
04.04.2019;fridge;37,5W;10:20
04.04.2019;fridge;37,1W;10:25
04.04.2019;fridge;37,4W;10:30
04.04.2019;fridge;36,0W;10:35
04.04.2019;fridge;34,8W;10:40
04.04.2019;fridge;34,8W;10:45
04.04.2019;fridge;34,8W;10:50
04.04.2019;fridge;34,0W;10:55
04.04.2019;fridge;34,1W;11:00
04.04.2019;fridge;33,9W;11:05
04.04.2019;fridge;33,8W;11:10
04.04.2019;fridge;2,1W;11:15
04.04.2019;fridge;2,1W;11:20
04.04.2019;fridge;2,1W;11:25
04.04.2019;fridge;36,1W;11:30
04.04.2019;fridge;36,7W;11:35
04.04.2019;fridge;37,6W;11:40
04.04.2019;fridge;37,8W;11:45
04.04.2019;fridge;36,1W;11:50
04.04.2019;fridge;34,9W;11:55
04.04.2019;fridge;34,9W;12:00
04.04.2019;fridge;35,5W;12:05
04.04.2019;fridge;34,7W;12:10
04.04.2019;fridge;34,9W;12:15
04.04.2019;fridge;33,8W;12:20
04.04.2019;fridge;34,4W;12:25
04.04.2019;fridge;3,8W;12:30
04.04.2019;fridge;2,2W;12:35
04.04.2019;fridge;2,2W;12:40
04.04.2019;fridge;36,4W;12:45
04.04.2019;fridge;36,5W;12:50
04.04.2019;fridge;37,4W;12:55
04.04.2019;fridge;37,4W;13:00
04.04.2019;fridge;37,4W;13:05
04.04.2019;fridge;36,4W;13:10
04.04.2019;fridge;36,4W;13:15
04.04.2019;fridge;34,8W;13:20
04.04.2019;fridge;34,8W;13:25
04.04.2019;fridge;33,4W;13:30
04.04.2019;fridge;34,4W;13:35
04.04.2019;fridge;34,4W;13:40
04.04.2019;fridge;33,3W;13:45
04.04.2019;fridge;3,7W;13:50
04.04.2019;fridge;1,8W;13:55
04.04.2019;fridge;1,8W;14:00
04.04.2019;fridge;36,0W;14:05
04.04.2019;fridge;36,2W;14:10
04.04.2019;fridge;37,2W;14:15
04.04.2019;fridge;71,0W;14:20
04.04.2019;fridge;71,0W;14:25
04.04.2019;fridge;71,0W;14:30
04.04.2019;fridge;71,0W;14:35
04.04.2019;fridge;71,0W;14:40
04.04.2019;fridge;71,0W;14:45
04.04.2019;fridge;3,8W;14:50
04.04.2019;fridge;3,8W;14:55
04.04.2019;fridge;3,8W;15:00
04.04.2019;fridge;155,5W;15:05
04.04.2019;fridge;155,5W;15:10
04.04.2019;fridge;155,5W;15:15
04.04.2019;fridge;155,5W;15:20
04.04.2019;fridge;155,5W;15:25
04.04.2019;fridge;44,2W;15:30
04.04.2019;fridge;44,8W;15:35
04.04.2019;fridge;44,8W;15:40
04.04.2019;fridge;44,8W;15:45
04.04.2019;fridge;41,7W;15:50
04.04.2019;fridge;41,7W;15:55
04.04.2019;fridge;41,2W;16:00
04.04.2019;fridge;41,2W;16:05
04.04.2019;fridge;40,3W;16:10
04.04.2019;fridge;40,1W;16:15
04.04.2019;fridge;40,1W;16:20
04.04.2019;fridge;40,1W;16:25
04.04.2019;fridge;40,1W;16:30
04.04.2019;fridge;40,1W;16:35
04.04.2019;fridge;38,0W;16:40
04.04.2019;fridge;37,3W;16:45
04.04.2019;fridge;37,0W;16:50
04.04.2019;fridge;37,1W;16:55
04.04.2019;fridge;37,1W;17:00
04.04.2019;fridge;36,1W;17:05
04.04.2019;fridge;36,1W;17:10
04.04.2019;fridge;35,5W;17:15
04.04.2019;fridge;35,1W;17:20
04.04.2019;fridge;36,8W;17:25
04.04.2019;fridge;37,6W;17:30
04.04.2019;fridge;37,7W;17:35
04.04.2019;fridge;37,7W;17:40
04.04.2019;fridge;36,7W;17:45
04.04.2019;fridge;36,5W;17:50
04.04.2019;fridge;36,0W;17:55
04.04.2019;fridge;35,6W;18:00
04.04.2019;fridge;35,0W;18:05
04.04.2019;fridge;34,4W;18:10
04.04.2019;fridge;34,5W;18:15
04.04.2019;fridge;34,7W;18:20
04.04.2019;fridge;54,6W;18:25
04.04.2019;fridge;68,2W;18:30
04.04.2019;fridge;68,2W;18:35
04.04.2019;fridge;68,2W;18:40
04.04.2019;fridge;72,5W;18:45
04.04.2019;fridge;72,5W;18:50
04.04.2019;fridge;72,5W;18:55
04.04.2019;fridge;72,5W;19:00
04.04.2019;fridge;72,5W;19:05
04.04.2019;fridge;3,0W;19:10
04.04.2019;fridge;3,0W;19:15
04.04.2019;fridge;33,2W;19:20
04.04.2019;fridge;68,0W;19:25
04.04.2019;fridge;68,0W;19:30
04.04.2019;fridge;68,0W;19:35
04.04.2019;fridge;68,0W;19:40
04.04.2019;fridge;68,0W;19:45
04.04.2019;fridge;67,2W;19:50
04.04.2019;fridge;67,2W;19:55
04.04.2019;fridge;3,9W;20:00
04.04.2019;fridge;3,9W;20:05
04.04.2019;fridge;2,3W;20:10
04.04.2019;fridge;33,7W;20:15
04.04.2019;fridge;36,9W;20:20
04.04.2019;fridge;37,1W;20:25
04.04.2019;fridge;38,9W;20:30
04.04.2019;fridge;38,9W;20:35
04.04.2019;fridge;38,9W;20:40
04.04.2019;fridge;69,1W;20:45
04.04.2019;fridge;69,1W;20:50
04.04.2019;fridge;69,1W;20:55
04.04.2019;fridge;69,1W;21:00
04.04.2019;fridge;3,9W;21:05
04.04.2019;fridge;2,7W;21:10
04.04.2019;fridge;2,6W;21:15
04.04.2019;fridge;31,7W;21:20
04.04.2019;fridge;68,1W;21:25
04.04.2019;fridge;68,1W;21:30
04.04.2019;fridge;68,1W;21:35
04.04.2019;fridge;68,1W;21:40
04.04.2019;fridge;68,1W;21:45
04.04.2019;fridge;64,5W;21:50
04.04.2019;fridge;2,8W;21:55
04.04.2019;fridge;2,8W;22:00
04.04.2019;fridge;2,8W;22:05
04.04.2019;fridge;32,5W;22:10
04.04.2019;fridge;36,0W;22:15
04.04.2019;fridge;38,3W;22:20
04.04.2019;fridge;187,9W;22:25
04.04.2019;fridge;153,6W;22:30
04.04.2019;fridge;153,6W;22:35
04.04.2019;fridge;153,6W;22:40
04.04.2019;fridge;153,6W;22:45
04.04.2019;fridge;153,4W;22:50
04.04.2019;fridge;42,6W;22:55
04.04.2019;fridge;42,8W;23:00
04.04.2019;fridge;42,8W;23:05
04.04.2019;fridge;42,8W;23:10
04.04.2019;fridge;42,8W;23:15
04.04.2019;fridge;42,8W;23:20
04.04.2019;fridge;42,8W;23:25
04.04.2019;fridge;42,8W;23:30
04.04.2019;fridge;40,2W;23:35
04.04.2019;fridge;40,2W;23:40
04.04.2019;fridge;40,2W;23:45
04.04.2019;fridge;37,3W;23:50
04.04.2019;fridge;37,3W;23:55
7.4.2019;fridge;1,6W;00:00
7.4.2019;fridge;1,8W;00:05
7.4.2019;fridge;34,0W;00:10
7.4.2019;fridge;35,5W;00:15
7.4.2019;fridge;36,6W;00:20
7.4.2019;fridge;36,6W;00:25
7.4.2019;fridge;35,7W;00:30
7.4.2019;fridge;34,5W;00:35
7.4.2019;fridge;34,5W;00:40
7.4.2019;fridge;33,7W;00:45
7.4.2019;fridge;33,6W;00:50
7.4.2019;fridge;33,6W;00:55
7.4.2019;fridge;1,4W;01:00
7.4.2019;fridge;1,4W;01:05
7.4.2019;fridge;1,4W;01:10
7.4.2019;fridge;1,4W;01:15
7.4.2019;fridge;33,4W;01:20
7.4.2019;fridge;33,5W;01:25
7.4.2019;fridge;33,5W;01:30
7.4.2019;fridge;37,2W;01:35
7.4.2019;fridge;37,2W;01:40
7.4.2019;fridge;34,7W;01:45
7.4.2019;fridge;34,7W;01:50
7.4.2019;fridge;34,7W;01:55
7.4.2019;fridge;34,0W;02:00
7.4.2019;fridge;33,2W;02:05
7.4.2019;fridge;33,2W;02:10
7.4.2019;fridge;2,7W;02:15
7.4.2019;fridge;2,7W;02:20
7.4.2019;fridge;2,7W;02:25
7.4.2019;fridge;2,7W;02:30
7.4.2019;fridge;36,1W;02:35
7.4.2019;fridge;35,0W;02:40
7.4.2019;fridge;36,9W;02:45
7.4.2019;fridge;36,9W;02:50
7.4.2019;fridge;36,9W;02:55
7.4.2019;fridge;36,9W;03:00
7.4.2019;fridge;34,1W;03:05
7.4.2019;fridge;34,0W;03:10
7.4.2019;fridge;33,8W;03:15
7.4.2019;fridge;33,2W;03:20
7.4.2019;fridge;2,8W;03:25
7.4.2019;fridge;2,8W;03:30
7.4.2019;fridge;2,8W;03:35
7.4.2019;fridge;2,8W;03:40
7.4.2019;fridge;26,9W;03:45
7.4.2019;fridge;35,0W;03:50
7.4.2019;fridge;36,3W;03:55
7.4.2019;fridge;38,3W;04:00
7.4.2019;fridge;38,3W;04:05
7.4.2019;fridge;35,4W;04:10
7.4.2019;fridge;33,2W;04:15
7.4.2019;fridge;33,5W;04:20
7.4.2019;fridge;33,3W;04:25
7.4.2019;fridge;32,8W;04:30
7.4.2019;fridge;2,6W;04:35
7.4.2019;fridge;1,5W;04:40
7.4.2019;fridge;1,7W;04:45
7.4.2019;fridge;1,7W;04:50
7.4.2019;fridge;24,0W;04:55
7.4.2019;fridge;34,7W;05:00
7.4.2019;fridge;35,7W;05:05
7.4.2019;fridge;36,9W;05:10
7.4.2019;fridge;36,9W;05:15
7.4.2019;fridge;34,4W;05:20
7.4.2019;fridge;35,3W;05:25
7.4.2019;fridge;35,3W;05:30
7.4.2019;fridge;33,0W;05:35
7.4.2019;fridge;32,7W;05:40
7.4.2019;fridge;2,6W;05:45
7.4.2019;fridge;2,6W;05:50
7.4.2019;fridge;2,6W;05:55
7.4.2019;fridge;2,6W;06:00
7.4.2019;fridge;2,6W;06:05
7.4.2019;fridge;33,5W;06:10
7.4.2019;fridge;35,4W;06:15
7.4.2019;fridge;35,8W;06:20
7.4.2019;fridge;35,8W;06:25
7.4.2019;fridge;35,8W;06:30
7.4.2019;fridge;34,4W;06:35
7.4.2019;fridge;34,4W;06:40
7.4.2019;fridge;33,9W;06:45
7.4.2019;fridge;33,3W;06:50
7.4.2019;fridge;32,1W;06:55
7.4.2019;fridge;2,6W;07:00
7.4.2019;fridge;2,6W;07:05
7.4.2019;fridge;1,1W;07:10
7.4.2019;fridge;1,1W;07:15
7.4.2019;fridge;33,6W;07:20
7.4.2019;fridge;33,6W;07:25
7.4.2019;fridge;36,7W;07:30
7.4.2019;fridge;36,7W;07:35
7.4.2019;fridge;36,2W;07:40
7.4.2019;fridge;34,3W;07:45
7.4.2019;fridge;34,1W;07:50
7.4.2019;fridge;33,0W;07:55
7.4.2019;fridge;33,7W;08:00
7.4.2019;fridge;31,6W;08:05
7.4.2019;fridge;2,3W;08:10
7.4.2019;fridge;2,3W;08:15
7.4.2019;fridge;2,3W;08:20
7.4.2019;fridge;2,3W;08:25
7.4.2019;fridge;34,5W;08:30
7.4.2019;fridge;34,5W;08:35
7.4.2019;fridge;36,5W;08:40
7.4.2019;fridge;36,7W;08:45
7.4.2019;fridge;36,7W;08:50
7.4.2019;fridge;34,0W;08:55
7.4.2019;fridge;34,0W;09:00
7.4.2019;fridge;33,7W;09:05
7.4.2019;fridge;33,2W;09:10
7.4.2019;fridge;2,8W;09:15
7.4.2019;fridge;2,8W;09:20
7.4.2019;fridge;2,8W;09:25
7.4.2019;fridge;2,8W;09:30
7.4.2019;fridge;2,8W;09:35
7.4.2019;fridge;34,4W;09:40
7.4.2019;fridge;35,8W;09:45
7.4.2019;fridge;36,5W;09:50
7.4.2019;fridge;36,5W;09:55
7.4.2019;fridge;33,9W;10:00
7.4.2019;fridge;34,3W;10:05
7.4.2019;fridge;34,0W;10:10
7.4.2019;fridge;32,9W;10:15
7.4.2019;fridge;32,1W;10:20
7.4.2019;fridge;2,7W;10:25
7.4.2019;fridge;2,7W;10:30
7.4.2019;fridge;2,7W;10:35
7.4.2019;fridge;2,7W;10:40
7.4.2019;fridge;26,8W;10:45
7.4.2019;fridge;34,7W;10:50
7.4.2019;fridge;35,6W;10:55
7.4.2019;fridge;37,4W;11:00
7.4.2019;fridge;36,9W;11:05
7.4.2019;fridge;36,9W;11:10
7.4.2019;fridge;34,3W;11:15
7.4.2019;fridge;33,9W;11:20
7.4.2019;fridge;33,6W;11:25
7.4.2019;fridge;33,3W;11:30
7.4.2019;fridge;2,6W;11:35
7.4.2019;fridge;1,6W;11:40
7.4.2019;fridge;1,6W;11:45
7.4.2019;fridge;1,5W;11:50
7.4.2019;fridge;28,5W;11:55
7.4.2019;fridge;35,1W;12:00
7.4.2019;fridge;36,7W;12:05
7.4.2019;fridge;37,1W;12:10
7.4.2019;fridge;37,1W;12:15
7.4.2019;fridge;33,9W;12:20
7.4.2019;fridge;34,6W;12:25
7.4.2019;fridge;34,4W;12:30
7.4.2019;fridge;33,6W;12:35
7.4.2019;fridge;33,5W;12:40
7.4.2019;fridge;2,5W;12:45
7.4.2019;fridge;1,3W;12:50
7.4.2019;fridge;1,3W;12:55
7.4.2019;fridge;1,3W;13:00
7.4.2019;fridge;29,6W;13:05
7.4.2019;fridge;35,4W;13:10
7.4.2019;fridge;36,0W;13:15
7.4.2019;fridge;36,6W;13:20
7.4.2019;fridge;36,6W;13:25
7.4.2019;fridge;35,2W;13:30
7.4.2019;fridge;34,7W;13:35
7.4.2019;fridge;34,5W;13:40
7.4.2019;fridge;33,9W;13:45
7.4.2019;fridge;33,2W;13:50
7.4.2019;fridge;2,5W;13:55
7.4.2019;fridge;1,9W;14:00
7.4.2019;fridge;1,9W;14:05
7.4.2019;fridge;1,9W;14:10
7.4.2019;fridge;26,4W;14:15
7.4.2019;fridge;33,5W;14:20
7.4.2019;fridge;37,0W;14:25
7.4.2019;fridge;37,0W;14:30
7.4.2019;fridge;36,7W;14:35
7.4.2019;fridge;34,8W;14:40
7.4.2019;fridge;35,1W;14:45
7.4.2019;fridge;33,8W;14:50
7.4.2019;fridge;33,3W;14:55
7.4.2019;fridge;32,9W;15:00
7.4.2019;fridge;33,6W;15:05
7.4.2019;fridge;2,8W;15:10
7.4.2019;fridge;2,8W;15:15
7.4.2019;fridge;2,8W;15:20
7.4.2019;fridge;2,8W;15:25
7.4.2019;fridge;33,7W;15:30
7.4.2019;fridge;35,4W;15:35
7.4.2019;fridge;35,4W;15:40
7.4.2019;fridge;37,2W;15:45
7.4.2019;fridge;37,2W;15:50
7.4.2019;fridge;35,0W;15:55
7.4.2019;fridge;35,0W;16:00
7.4.2019;fridge;34,4W;16:05
7.4.2019;fridge;34,4W;16:10
7.4.2019;fridge;33,7W;16:15
7.4.2019;fridge;2,4W;16:20
7.4.2019;fridge;1,5W;16:25
7.4.2019;fridge;1,5W;16:30
7.4.2019;fridge;1,5W;16:35
7.4.2019;fridge;27,1W;16:40
7.4.2019;fridge;34,0W;16:45
7.4.2019;fridge;34,0W;16:50
7.4.2019;fridge;34,0W;16:55
7.4.2019;fridge;37,8W;17:00
7.4.2019;fridge;34,8W;17:05
7.4.2019;fridge;34,8W;17:10
7.4.2019;fridge;35,1W;17:15
7.4.2019;fridge;35,1W;17:20
7.4.2019;fridge;33,8W;17:25
7.4.2019;fridge;33,3W;17:30
7.4.2019;fridge;154,9W;17:35
7.4.2019;fridge;154,9W;17:40
7.4.2019;fridge;154,9W;17:45
7.4.2019;fridge;154,8W;17:50
7.4.2019;fridge;154,8W;17:55
7.4.2019;fridge;154,8W;18:00
7.4.2019;fridge;57,8W;18:05
7.4.2019;fridge;43,9W;18:10
7.4.2019;fridge;43,9W;18:15
7.4.2019;fridge;42,5W;18:20
7.4.2019;fridge;42,5W;18:25
7.4.2019;fridge;42,5W;18:30
7.4.2019;fridge;40,8W;18:35
7.4.2019;fridge;40,8W;18:40
7.4.2019;fridge;40,6W;18:45
7.4.2019;fridge;37,4W;18:50
7.4.2019;fridge;37,2W;18:55
7.4.2019;fridge;37,2W;19:00
7.4.2019;fridge;36,1W;19:05
7.4.2019;fridge;35,7W;19:10
7.4.2019;fridge;35,7W;19:15
7.4.2019;fridge;33,6W;19:20
7.4.2019;fridge;34,8W;19:25
7.4.2019;fridge;34,5W;19:30
7.4.2019;fridge;35,0W;19:35
7.4.2019;fridge;34,2W;19:40
7.4.2019;fridge;34,2W;19:45
7.4.2019;fridge;34,2W;19:50
7.4.2019;fridge;34,1W;19:55
7.4.2019;fridge;35,9W;20:00
7.4.2019;fridge;36,6W;20:05
7.4.2019;fridge;36,6W;20:10
7.4.2019;fridge;36,6W;20:15
7.4.2019;fridge;35,4W;20:20
7.4.2019;fridge;34,8W;20:25
7.4.2019;fridge;33,9W;20:30
7.4.2019;fridge;33,9W;20:35
7.4.2019;fridge;33,9W;20:40
7.4.2019;fridge;2,7W;20:45
7.4.2019;fridge;2,7W;20:50
7.4.2019;fridge;2,7W;20:55
7.4.2019;fridge;2,7W;21:00
7.4.2019;fridge;34,5W;21:05
7.4.2019;fridge;35,3W;21:10
7.4.2019;fridge;37,1W;21:15
7.4.2019;fridge;37,1W;21:20
7.4.2019;fridge;37,1W;21:25
7.4.2019;fridge;36,0W;21:30
7.4.2019;fridge;34,9W;21:35
7.4.2019;fridge;34,9W;21:40
7.4.2019;fridge;34,4W;21:45
7.4.2019;fridge;34,8W;21:50
7.4.2019;fridge;34,2W;21:55
7.4.2019;fridge;34,2W;22:00
7.4.2019;fridge;2,5W;22:05
7.4.2019;fridge;1,9W;22:10
7.4.2019;fridge;1,9W;22:15
7.4.2019;fridge;1,9W;22:20
7.4.2019;fridge;30,2W;22:25
7.4.2019;fridge;35,6W;22:30
7.4.2019;fridge;37,0W;22:35
7.4.2019;fridge;37,0W;22:40
7.4.2019;fridge;37,2W;22:45
7.4.2019;fridge;37,2W;22:50
7.4.2019;fridge;35,1W;22:55
7.4.2019;fridge;35,1W;23:00
7.4.2019;fridge;33,6W;23:05
7.4.2019;fridge;33,1W;23:10
7.4.2019;fridge;33,6W;23:15
7.4.2019;fridge;33,6W;23:20
7.4.2019;fridge;2,7W;23:25
7.4.2019;fridge;2,7W;23:30
7.4.2019;fridge;2,7W;23:35
7.4.2019;fridge;2,7W;23:40
7.4.2019;fridge;35,2W;23:45
7.4.2019;fridge;36,3W;23:50
7.4.2019;fridge;36,5W;23:55
8.4.2019;fridge;37,2W;00:00
8.4.2019;fridge;37,4W;00:05
8.4.2019;fridge;35,2W;00:10
8.4.2019;fridge;35,2W;00:15
8.4.2019;fridge;35,2W;00:20
8.4.2019;fridge;34,3W;00:25
8.4.2019;fridge;33,7W;00:30
8.4.2019;fridge;33,3W;00:35
8.4.2019;fridge;2,5W;00:40
8.4.2019;fridge;2,5W;00:45
8.4.2019;fridge;1,5W;00:50
8.4.2019;fridge;1,5W;00:55
8.4.2019;fridge;30,0W;01:00
8.4.2019;fridge;36,2W;01:05
8.4.2019;fridge;37,0W;01:10
8.4.2019;fridge;37,3W;01:15
8.4.2019;fridge;37,9W;01:20
8.4.2019;fridge;35,2W;01:25
8.4.2019;fridge;34,2W;01:30
8.4.2019;fridge;34,3W;01:35
8.4.2019;fridge;34,4W;01:40
8.4.2019;fridge;33,6W;01:45
8.4.2019;fridge;33,3W;01:50
8.4.2019;fridge;2,5W;01:55
8.4.2019;fridge;2,5W;02:00
8.4.2019;fridge;2,5W;02:05
8.4.2019;fridge;2,5W;02:10
8.4.2019;fridge;28,0W;02:15
8.4.2019;fridge;36,0W;02:20
8.4.2019;fridge;36,0W;02:25
8.4.2019;fridge;37,9W;02:30
8.4.2019;fridge;37,3W;02:35
8.4.2019;fridge;36,2W;02:40
8.4.2019;fridge;34,6W;02:45
8.4.2019;fridge;34,2W;02:50
8.4.2019;fridge;34,2W;02:55
8.4.2019;fridge;33,8W;03:00
8.4.2019;fridge;33,8W;03:05
8.4.2019;fridge;32,4W;03:10
8.4.2019;fridge;2,6W;03:15
8.4.2019;fridge;2,6W;03:20
8.4.2019;fridge;2,6W;03:25
8.4.2019;fridge;2,6W;03:30
8.4.2019;fridge;35,7W;03:35
8.4.2019;fridge;35,2W;03:40
8.4.2019;fridge;36,6W;03:45
8.4.2019;fridge;36,9W;03:50
8.4.2019;fridge;35,4W;03:55
8.4.2019;fridge;34,6W;04:00
8.4.2019;fridge;34,6W;04:05
8.4.2019;fridge;34,9W;04:10
8.4.2019;fridge;34,9W;04:15
8.4.2019;fridge;34,2W;04:20
8.4.2019;fridge;2,7W;04:25
8.4.2019;fridge;2,7W;04:30
8.4.2019;fridge;2,7W;04:35
8.4.2019;fridge;2,7W;04:40
8.4.2019;fridge;27,2W;04:45
8.4.2019;fridge;36,2W;04:50
8.4.2019;fridge;36,2W;04:55
8.4.2019;fridge;37,0W;05:00
8.4.2019;fridge;37,0W;05:05
8.4.2019;fridge;34,6W;05:10
8.4.2019;fridge;34,5W;05:15
8.4.2019;fridge;34,0W;05:20
8.4.2019;fridge;32,9W;05:25
8.4.2019;fridge;34,3W;05:30
8.4.2019;fridge;32,4W;05:35
8.4.2019;fridge;1,6W;05:40
8.4.2019;fridge;1,6W;05:45
8.4.2019;fridge;1,6W;05:50
8.4.2019;fridge;1,6W;05:55
8.4.2019;fridge;33,9W;06:00
8.4.2019;fridge;35,8W;06:05
8.4.2019;fridge;36,5W;06:10
8.4.2019;fridge;37,1W;06:15
8.4.2019;fridge;36,4W;06:20
8.4.2019;fridge;34,9W;06:25
8.4.2019;fridge;34,9W;06:30
8.4.2019;fridge;34,7W;06:35
8.4.2019;fridge;33,6W;06:40
8.4.2019;fridge;34,4W;06:45
8.4.2019;fridge;34,4W;06:50
8.4.2019;fridge;1,5W;06:55
8.4.2019;fridge;1,5W;07:00
8.4.2019;fridge;1,5W;07:05
8.4.2019;fridge;1,5W;07:10
8.4.2019;fridge;33,5W;07:15
8.4.2019;fridge;36,2W;07:20
8.4.2019;fridge;37,5W;07:25
8.4.2019;fridge;37,0W;07:30
8.4.2019;fridge;35,2W;07:35
8.4.2019;fridge;34,4W;07:40
8.4.2019;fridge;34,4W;07:45
8.4.2019;fridge;33,8W;07:50
8.4.2019;fridge;33,6W;07:55
8.4.2019;fridge;32,7W;08:00
8.4.2019;fridge;2,7W;08:05
8.4.2019;fridge;1,5W;08:10
8.4.2019;fridge;1,5W;08:15
8.4.2019;fridge;1,5W;08:20
8.4.2019;fridge;35,1W;08:25
8.4.2019;fridge;35,1W;08:30
8.4.2019;fridge;37,3W;08:35
8.4.2019;fridge;37,3W;08:40
8.4.2019;fridge;36,8W;08:45
8.4.2019;fridge;34,9W;08:50
8.4.2019;fridge;33,5W;08:55
8.4.2019;fridge;34,0W;09:00
8.4.2019;fridge;33,6W;09:05
8.4.2019;fridge;33,3W;09:10
8.4.2019;fridge;2,7W;09:15
8.4.2019;fridge;2,7W;09:20
8.4.2019;fridge;2,7W;09:25
8.4.2019;fridge;2,7W;09:30
8.4.2019;fridge;30,2W;09:35
8.4.2019;fridge;35,3W;09:40
8.4.2019;fridge;37,5W;09:45
8.4.2019;fridge;37,5W;09:50
8.4.2019;fridge;37,0W;09:55
8.4.2019;fridge;34,8W;10:00
8.4.2019;fridge;33,8W;10:05
8.4.2019;fridge;34,0W;10:10
8.4.2019;fridge;34,5W;10:15
8.4.2019;fridge;33,9W;10:20
8.4.2019;fridge;2,6W;10:25
8.4.2019;fridge;1,5W;10:30
8.4.2019;fridge;1,5W;10:35
8.4.2019;fridge;1,5W;10:40
8.4.2019;fridge;27,0W;10:45
8.4.2019;fridge;34,7W;10:50
8.4.2019;fridge;34,9W;10:55
8.4.2019;fridge;34,9W;11:00
8.4.2019;fridge;36,2W;11:05
8.4.2019;fridge;35,7W;11:10
8.4.2019;fridge;34,8W;11:15
8.4.2019;fridge;34,3W;11:20
8.4.2019;fridge;34,2W;11:25
8.4.2019;fridge;33,5W;11:30
8.4.2019;fridge;33,1W;11:35
8.4.2019;fridge;1,4W;11:40
8.4.2019;fridge;1,5W;11:45
8.4.2019;fridge;1,5W;11:50
8.4.2019;fridge;1,5W;11:55
8.4.2019;fridge;37,6W;12:00
8.4.2019;fridge;37,6W;12:05
8.4.2019;fridge;37,6W;12:10
8.4.2019;fridge;37,6W;12:15
8.4.2019;fridge;36,5W;12:20
8.4.2019;fridge;34,7W;12:25
8.4.2019;fridge;34,4W;12:30
8.4.2019;fridge;34,2W;12:35
8.4.2019;fridge;33,9W;12:40
8.4.2019;fridge;34,2W;12:45
8.4.2019;fridge;34,2W;12:50
8.4.2019;fridge;2,7W;12:55
8.4.2019;fridge;2,7W;13:00
8.4.2019;fridge;2,7W;13:05
8.4.2019;fridge;25,7W;13:10
8.4.2019;fridge;35,8W;13:15
8.4.2019;fridge;35,8W;13:20
8.4.2019;fridge;35,8W;13:25
8.4.2019;fridge;37,4W;13:30
8.4.2019;fridge;42,4W;13:35
8.4.2019;fridge;50,8W;13:40
8.4.2019;fridge;65,4W;13:45
8.4.2019;fridge;65,4W;13:50
8.4.2019;fridge;2,8W;13:55
8.4.2019;fridge;2,8W;14:00
8.4.2019;fridge;1,6W;14:05
8.4.2019;fridge;1,4W;14:10
8.4.2019;fridge;2,6W;14:15
8.4.2019;fridge;66,1W;14:20
8.4.2019;fridge;66,1W;14:25
8.4.2019;fridge;66,1W;14:30
8.4.2019;fridge;66,1W;14:35
8.4.2019;fridge;66,1W;14:40
8.4.2019;fridge;66,1W;14:45
8.4.2019;fridge;2,6W;14:50
8.4.2019;fridge;3,2W;14:55
8.4.2019;fridge;3,2W;15:00
8.4.2019;fridge;3,2W;15:05
8.4.2019;fridge;3,2W;15:10
8.4.2019;fridge;35,9W;15:15
8.4.2019;fridge;36,4W;15:20
8.4.2019;fridge;36,4W;15:25
8.4.2019;fridge;35,6W;15:30
8.4.2019;fridge;36,8W;15:35
8.4.2019;fridge;36,8W;15:40
8.4.2019;fridge;36,2W;15:45
8.4.2019;fridge;35,8W;15:50
8.4.2019;fridge;34,3W;15:55
8.4.2019;fridge;35,9W;16:00
8.4.2019;fridge;35,9W;16:05
8.4.2019;fridge;33,3W;16:10
8.4.2019;fridge;2,9W;16:15
8.4.2019;fridge;2,9W;16:20
8.4.2019;fridge;2,9W;16:25
8.4.2019;fridge;27,7W;16:30
8.4.2019;fridge;35,7W;16:35
8.4.2019;fridge;35,7W;16:40
8.4.2019;fridge;37,7W;16:45
8.4.2019;fridge;38,3W;16:50
8.4.2019;fridge;38,3W;16:55
8.4.2019;fridge;37,0W;17:00
8.4.2019;fridge;36,1W;17:05
8.4.2019;fridge;35,7W;17:10
8.4.2019;fridge;35,7W;17:15
8.4.2019;fridge;34,2W;17:20
8.4.2019;fridge;34,3W;17:25
8.4.2019;fridge;2,9W;17:30
8.4.2019;fridge;2,5W;17:35
8.4.2019;fridge;2,5W;17:40
8.4.2019;fridge;1,6W;17:45
8.4.2019;fridge;35,4W;17:50
8.4.2019;fridge;36,1W;17:55
8.4.2019;fridge;36,3W;18:00
8.4.2019;fridge;36,3W;18:05
8.4.2019;fridge;37,1W;18:10
8.4.2019;fridge;37,1W;18:15
8.4.2019;fridge;37,1W;18:20
8.4.2019;fridge;34,7W;18:25
8.4.2019;fridge;34,4W;18:30
8.4.2019;fridge;34,4W;18:35
8.4.2019;fridge;34,2W;18:40
8.4.2019;fridge;2,8W;18:45
8.4.2019;fridge;2,8W;18:50
8.4.2019;fridge;2,8W;18:55
8.4.2019;fridge;2,8W;19:00
8.4.2019;fridge;27,5W;19:05
8.4.2019;fridge;35,7W;19:10
8.4.2019;fridge;34,9W;19:15
8.4.2019;fridge;37,2W;19:20
8.4.2019;fridge;37,2W;19:25
8.4.2019;fridge;35,3W;19:30
8.4.2019;fridge;35,3W;19:35
8.4.2019;fridge;34,3W;19:40
8.4.2019;fridge;34,4W;19:45
8.4.2019;fridge;33,8W;19:50
8.4.2019;fridge;33,8W;19:55
8.4.2019;fridge;33,8W;20:00
8.4.2019;fridge;2,7W;20:05
8.4.2019;fridge;2,7W;20:10
8.4.2019;fridge;2,7W;20:15
8.4.2019;fridge;27,1W;20:20
8.4.2019;fridge;34,5W;20:25
8.4.2019;fridge;34,5W;20:30
8.4.2019;fridge;37,3W;20:35
8.4.2019;fridge;36,9W;20:40
8.4.2019;fridge;36,7W;20:45
8.4.2019;fridge;35,3W;20:50
8.4.2019;fridge;33,6W;20:55
8.4.2019;fridge;34,2W;21:00
8.4.2019;fridge;33,5W;21:05
8.4.2019;fridge;33,6W;21:10
8.4.2019;fridge;32,8W;21:15
8.4.2019;fridge;2,8W;21:20
8.4.2019;fridge;2,8W;21:25
8.4.2019;fridge;2,4W;21:30
8.4.2019;fridge;28,5W;21:35
8.4.2019;fridge;67,6W;21:40
8.4.2019;fridge;68,6W;21:45
8.4.2019;fridge;68,6W;21:50
8.4.2019;fridge;187,3W;21:55
8.4.2019;fridge;154,3W;22:00
8.4.2019;fridge;154,3W;22:05
8.4.2019;fridge;154,3W;22:10
8.4.2019;fridge;154,3W;22:15
8.4.2019;fridge;39,4W;22:20
8.4.2019;fridge;44,3W;22:25
8.4.2019;fridge;44,3W;22:30
8.4.2019;fridge;44,3W;22:35
8.4.2019;fridge;44,3W;22:40
8.4.2019;fridge;41,0W;22:45
8.4.2019;fridge;41,0W;22:50
8.4.2019;fridge;40,0W;22:55
8.4.2019;fridge;40,1W;23:00
8.4.2019;fridge;40,1W;23:05
8.4.2019;fridge;37,9W;23:10
8.4.2019;fridge;37,3W;23:15
8.4.2019;fridge;37,3W;23:20
8.4.2019;fridge;35,9W;23:25
8.4.2019;fridge;35,9W;23:30
8.4.2019;fridge;34,9W;23:35
8.4.2019;fridge;35,3W;23:40
8.4.2019;fridge;34,8W;23:45
8.4.2019;fridge;34,9W;23:50
8.4.2019;fridge;34,9W;23:55
9.4.2019;fridge;37,1W;00:00
9.4.2019;fridge;37,3W;00:05
9.4.2019;fridge;36,9W;00:10
9.4.2019;fridge;36,9W;00:15
9.4.2019;fridge;36,2W;00:20
9.4.2019;fridge;35,2W;00:25
9.4.2019;fridge;35,0W;00:30
9.4.2019;fridge;35,0W;00:35
9.4.2019;fridge;34,1W;00:40
9.4.2019;fridge;33,4W;00:45
9.4.2019;fridge;33,1W;00:50
9.4.2019;fridge;33,8W;00:55
9.4.2019;fridge;33,6W;01:00
9.4.2019;fridge;2,0W;01:05
9.4.2019;fridge;2,0W;01:10
9.4.2019;fridge;2,0W;01:15
9.4.2019;fridge;31,9W;01:20
9.4.2019;fridge;35,9W;01:25
9.4.2019;fridge;37,0W;01:30
9.4.2019;fridge;38,2W;01:35
9.4.2019;fridge;38,2W;01:40
9.4.2019;fridge;36,7W;01:45
9.4.2019;fridge;35,6W;01:50
9.4.2019;fridge;35,4W;01:55
9.4.2019;fridge;35,4W;02:00
9.4.2019;fridge;34,6W;02:05
9.4.2019;fridge;34,6W;02:10
9.4.2019;fridge;33,6W;02:15
9.4.2019;fridge;32,7W;02:20
9.4.2019;fridge;2,6W;02:25
9.4.2019;fridge;1,7W;02:30
9.4.2019;fridge;1,7W;02:35
9.4.2019;fridge;1,7W;02:40
9.4.2019;fridge;35,9W;02:45
9.4.2019;fridge;37,1W;02:50
9.4.2019;fridge;37,1W;02:55
9.4.2019;fridge;37,1W;03:00
9.4.2019;fridge;37,9W;03:05
9.4.2019;fridge;37,9W;03:10
9.4.2019;fridge;35,9W;03:15
9.4.2019;fridge;33,6W;03:20
9.4.2019;fridge;34,3W;03:25
9.4.2019;fridge;34,2W;03:30
9.4.2019;fridge;34,0W;03:35
9.4.2019;fridge;34,0W;03:40
9.4.2019;fridge;2,8W;03:45
9.4.2019;fridge;1,6W;03:50
9.4.2019;fridge;1,6W;03:55
9.4.2019;fridge;1,6W;04:00
9.4.2019;fridge;25,5W;04:05
9.4.2019;fridge;35,6W;04:10
9.4.2019;fridge;37,5W;04:15
9.4.2019;fridge;37,8W;04:20
9.4.2019;fridge;37,3W;04:25
9.4.2019;fridge;37,3W;04:30
9.4.2019;fridge;37,3W;04:35
9.4.2019;fridge;34,3W;04:40
9.4.2019;fridge;33,7W;04:45
9.4.2019;fridge;34,3W;04:50
9.4.2019;fridge;33,8W;04:55
9.4.2019;fridge;33,9W;05:00
9.4.2019;fridge;33,7W;05:05
9.4.2019;fridge;2,0W;05:10
9.4.2019;fridge;2,0W;05:15
9.4.2019;fridge;2,0W;05:20
9.4.2019;fridge;2,0W;05:25
9.4.2019;fridge;36,7W;05:30
9.4.2019;fridge;37,2W;05:35
9.4.2019;fridge;37,8W;05:40
9.4.2019;fridge;37,2W;05:45
9.4.2019;fridge;37,1W;05:50
9.4.2019;fridge;36,4W;05:55
9.4.2019;fridge;34,4W;06:00
9.4.2019;fridge;34,6W;06:05
9.4.2019;fridge;34,1W;06:10
9.4.2019;fridge;34,5W;06:15
9.4.2019;fridge;34,2W;06:20
9.4.2019;fridge;34,2W;06:25
9.4.2019;fridge;1,6W;06:30
9.4.2019;fridge;1,6W;06:35
9.4.2019;fridge;1,6W;06:40
9.4.2019;fridge;1,8W;06:45
9.4.2019;fridge;34,9W;06:50
9.4.2019;fridge;35,7W;06:55
9.4.2019;fridge;37,0W;07:00
9.4.2019;fridge;37,7W;07:05
9.4.2019;fridge;37,1W;07:10
9.4.2019;fridge;37,1W;07:15
9.4.2019;fridge;34,6W;07:20
9.4.2019;fridge;34,6W;07:25
9.4.2019;fridge;34,7W;07:30
9.4.2019;fridge;34,2W;07:35
9.4.2019;fridge;33,6W;07:40
9.4.2019;fridge;33,3W;07:45
9.4.2019;fridge;2,6W;07:50
9.4.2019;fridge;2,6W;07:55
9.4.2019;fridge;2,6W;08:00
9.4.2019;fridge;26,3W;08:05
9.4.2019;fridge;35,3W;08:10
9.4.2019;fridge;36,9W;08:15
9.4.2019;fridge;36,9W;08:20
9.4.2019;fridge;37,7W;08:25
9.4.2019;fridge;36,5W;08:30
9.4.2019;fridge;65,0W;08:35
9.4.2019;fridge;65,0W;08:40
9.4.2019;fridge;65,0W;08:45
9.4.2019;fridge;64,9W;08:50
9.4.2019;fridge;2,8W;08:55
9.4.2019;fridge;2,7W;09:00
9.4.2019;fridge;2,6W;09:05
9.4.2019;fridge;2,6W;09:10
9.4.2019;fridge;44,4W;09:15
9.4.2019;fridge;67,4W;09:20
9.4.2019;fridge;67,4W;09:25
9.4.2019;fridge;67,4W;09:30
9.4.2019;fridge;67,4W;09:35
9.4.2019;fridge;67,4W;09:40
9.4.2019;fridge;67,4W;09:45
9.4.2019;fridge;2,6W;09:50
9.4.2019;fridge;2,6W;09:55
9.4.2019;fridge;2,6W;10:00
9.4.2019;fridge;2,4W;10:05
9.4.2019;fridge;9,4W;10:10
9.4.2019;fridge;34,3W;10:15
9.4.2019;fridge;35,8W;10:20
9.4.2019;fridge;37,9W;10:25
9.4.2019;fridge;37,9W;10:30
9.4.2019;fridge;36,1W;10:35
9.4.2019;fridge;35,6W;10:40
9.4.2019;fridge;35,6W;10:45
9.4.2019;fridge;35,1W;10:50
9.4.2019;fridge;35,1W;10:55
9.4.2019;fridge;34,8W;11:00
9.4.2019;fridge;35,0W;11:05
9.4.2019;fridge;2,7W;11:10
9.4.2019;fridge;2,5W;11:15
9.4.2019;fridge;2,7W;11:20
9.4.2019;fridge;2,7W;11:25
9.4.2019;fridge;32,6W;11:30
9.4.2019;fridge;37,6W;11:35
9.4.2019;fridge;37,6W;11:40
9.4.2019;fridge;39,4W;11:45
9.4.2019;fridge;39,0W;11:50
9.4.2019;fridge;38,6W;11:55
9.4.2019;fridge;37,4W;12:00
9.4.2019;fridge;36,5W;12:05
9.4.2019;fridge;36,2W;12:10
9.4.2019;fridge;36,1W;12:15
9.4.2019;fridge;36,5W;12:20
9.4.2019;fridge;36,1W;12:25
9.4.2019;fridge;36,1W;12:30
9.4.2019;fridge;35,7W;12:35
9.4.2019;fridge;2,7W;12:40
9.4.2019;fridge;2,7W;12:45
9.4.2019;fridge;2,7W;12:50
9.4.2019;fridge;1,9W;12:55
9.4.2019;fridge;36,2W;13:00
9.4.2019;fridge;38,5W;13:05
9.4.2019;fridge;38,5W;13:10
9.4.2019;fridge;39,3W;13:15
9.4.2019;fridge;39,3W;13:20
9.4.2019;fridge;39,3W;13:25
9.4.2019;fridge;35,7W;13:30
9.4.2019;fridge;35,9W;13:35
9.4.2019;fridge;35,5W;13:40
9.4.2019;fridge;35,5W;13:45
9.4.2019;fridge;35,2W;13:50
9.4.2019;fridge;34,9W;13:55
9.4.2019;fridge;34,5W;14:00
9.4.2019;fridge;34,5W;14:05
9.4.2019;fridge;2,6W;14:10
9.4.2019;fridge;1,8W;14:15
9.4.2019;fridge;1,8W;14:20
9.4.2019;fridge;1,8W;14:25
9.4.2019;fridge;35,5W;14:30
9.4.2019;fridge;37,2W;14:35
9.4.2019;fridge;37,6W;14:40
9.4.2019;fridge;39,2W;14:45
9.4.2019;fridge;38,9W;14:50
9.4.2019;fridge;38,2W;14:55
9.4.2019;fridge;38,2W;15:00
9.4.2019;fridge;36,3W;15:05
9.4.2019;fridge;35,4W;15:10
9.4.2019;fridge;34,1W;15:15
9.4.2019;fridge;33,9W;15:20
9.4.2019;fridge;35,0W;15:25
9.4.2019;fridge;35,0W;15:30
9.4.2019;fridge;34,2W;15:35
9.4.2019;fridge;2,5W;15:40
9.4.2019;fridge;2,5W;15:45
9.4.2019;fridge;2,0W;15:50
9.4.2019;fridge;2,0W;15:55
9.4.2019;fridge;35,8W;16:00
9.4.2019;fridge;37,5W;16:05
9.4.2019;fridge;37,9W;16:10
9.4.2019;fridge;37,9W;16:15
9.4.2019;fridge;38,5W;16:20
9.4.2019;fridge;38,5W;16:25
9.4.2019;fridge;36,0W;16:30
9.4.2019;fridge;70,0W;16:35
9.4.2019;fridge;70,0W;16:40
9.4.2019;fridge;65,5W;16:45
9.4.2019;fridge;63,9W;16:50
9.4.2019;fridge;2,6W;16:55
9.4.2019;fridge;2,6W;17:00
9.4.2019;fridge;3,3W;17:05
9.4.2019;fridge;155,6W;17:10
9.4.2019;fridge;155,6W;17:15
9.4.2019;fridge;155,6W;17:20
9.4.2019;fridge;155,6W;17:25
9.4.2019;fridge;155,6W;17:30
9.4.2019;fridge;155,6W;17:35
9.4.2019;fridge;44,3W;17:40
9.4.2019;fridge;46,4W;17:45
9.4.2019;fridge;46,4W;17:50
9.4.2019;fridge;46,4W;17:55
9.4.2019;fridge;46,4W;18:00
9.4.2019;fridge;46,4W;18:05
9.4.2019;fridge;46,4W;18:10
9.4.2019;fridge;42,4W;18:15
9.4.2019;fridge;42,4W;18:20
9.4.2019;fridge;42,4W;18:25
9.4.2019;fridge;42,4W;18:30
9.4.2019;fridge;38,3W;18:35
9.4.2019;fridge;37,7W;18:40
9.4.2019;fridge;37,7W;18:45
9.4.2019;fridge;37,6W;18:50
9.4.2019;fridge;36,2W;18:55
9.4.2019;fridge;37,1W;19:00
9.4.2019;fridge;66,2W;19:05
9.4.2019;fridge;66,2W;19:10
9.4.2019;fridge;66,2W;19:15
9.4.2019;fridge;72,3W;19:20
9.4.2019;fridge;72,3W;19:25
9.4.2019;fridge;72,3W;19:30
9.4.2019;fridge;72,3W;19:35
9.4.2019;fridge;72,3W;19:40
9.4.2019;fridge;72,3W;19:45
9.4.2019;fridge;66,1W;19:50
9.4.2019;fridge;2,5W;19:55
9.4.2019;fridge;2,8W;20:00
9.4.2019;fridge;2,8W;20:05
9.4.2019;fridge;29,2W;20:10
9.4.2019;fridge;69,2W;20:15
9.4.2019;fridge;69,2W;20:20
9.4.2019;fridge;69,2W;20:25
9.4.2019;fridge;69,2W;20:30
9.4.2019;fridge;69,2W;20:35
9.4.2019;fridge;69,2W;20:40
9.4.2019;fridge;69,2W;20:45
9.4.2019;fridge;67,1W;20:50
9.4.2019;fridge;67,1W;20:55
9.4.2019;fridge;4,2W;21:00
9.4.2019;fridge;2,8W;21:05
9.4.2019;fridge;2,8W;21:10
9.4.2019;fridge;69,2W;21:15
9.4.2019;fridge;69,2W;21:20
9.4.2019;fridge;69,2W;21:25
9.4.2019;fridge;69,2W;21:30
9.4.2019;fridge;69,2W;21:35
9.4.2019;fridge;69,2W;21:40
9.4.2019;fridge;69,2W;21:45
9.4.2019;fridge;65,1W;21:50
9.4.2019;fridge;3,8W;21:55
9.4.2019;fridge;1,5W;22:00
9.4.2019;fridge;1,5W;22:05
9.4.2019;fridge;31,1W;22:10
9.4.2019;fridge;35,3W;22:15
9.4.2019;fridge;35,3W;22:20
9.4.2019;fridge;38,4W;22:25
9.4.2019;fridge;38,4W;22:30
9.4.2019;fridge;38,4W;22:35
9.4.2019;fridge;38,4W;22:40
9.4.2019;fridge;36,8W;22:45
9.4.2019;fridge;36,8W;22:50
9.4.2019;fridge;36,8W;22:55
9.4.2019;fridge;35,5W;23:00
9.4.2019;fridge;35,0W;23:05
9.4.2019;fridge;34,7W;23:10
9.4.2019;fridge;35,0W;23:15
9.4.2019;fridge;35,0W;23:20
9.4.2019;fridge;34,7W;23:25
9.4.2019;fridge;37,4W;23:30
9.4.2019;fridge;37,6W;23:35
9.4.2019;fridge;38,2W;23:40
9.4.2019;fridge;37,7W;23:45
9.4.2019;fridge;35,3W;23:50
9.4.2019;fridge;35,0W;23:55
